<?xml version = '1.0' encoding = 'UTF-8'?>
<Diagram class="oracle.dbtools.crest.swingui.relational.DPVRelational" name="Relational_1" id="AD6BF67C-3A57-CCE8-1230-8BBBE801B475">
<createdBy>User</createdBy>
<modifiedBy>User</modifiedBy>
<createdTime>2021-01-07 20:22:37 UTC</createdTime>
<autoRoute>false</autoRoute>
<boxInbox>true</boxInbox>
<showLegend>false</showLegend>
<showLabels>false</showLabels>
<showRelAttributes>false</showRelAttributes>
<gridEnabled>false</gridEnabled>
<showGrid>false</showGrid>
<diagramColor>-1</diagramColor>
<display>false</display>
<notation>1</notation>
<objectViews>
<OView class="oracle.dbtools.crest.swingui.relational.TVTable" oid="08BCD260-BB09-A8BC-F7E5-E2FBFEF27DE6" otype="Table" vid="77D48A31-ED4D-1610-6AA0-E96D864AB5BE">
<hideElementsInCurrentOnly>false</hideElementsInCurrentOnly>
<bounds x="1151" y="192" width="379" height="258"/>
</OView>
<OView class="oracle.dbtools.crest.swingui.relational.TVTable" oid="10CCEE99-CF03-1AF0-64B5-45AC12720C2E" otype="Table" vid="71CAA4F3-386B-5C56-8E82-3295B72C879B">
<hideElementsInCurrentOnly>false</hideElementsInCurrentOnly>
<bounds x="753" y="815" width="410" height="180"/>
</OView>
<OView class="oracle.dbtools.crest.swingui.relational.TVTable" oid="3681E5BF-4C4F-D65A-1613-B61D81B43887" otype="Table" vid="9CC70E69-058B-02E0-D012-01B48E8F3CCF">
<hideElementsInCurrentOnly>false</hideElementsInCurrentOnly>
<bounds x="504" y="54" width="258" height="186"/>
</OView>
<OView class="oracle.dbtools.crest.swingui.relational.TVTable" oid="3F7330F7-3E99-75C7-B900-1097087FA451" otype="Table" vid="11EADA42-C4E2-15C4-4651-DA02BB00801F">
<hideElementsInCurrentOnly>false</hideElementsInCurrentOnly>
<bounds x="92" y="1030" width="185" height="91"/>
</OView>
<OView class="oracle.dbtools.crest.swingui.relational.TVTable" oid="68BBFF5A-6129-7CA3-9391-DA08A6D119C0" otype="Table" vid="853E4CCE-2E64-D096-34AE-3340451C76FB">
<hideElementsInCurrentOnly>false</hideElementsInCurrentOnly>
<bounds x="1634" y="556" width="259" height="103"/>
</OView>
<OView class="oracle.dbtools.crest.swingui.relational.TVTable" oid="6F6656B3-9B5F-E657-12E5-F38FAFFF38B8" otype="Table" vid="1AF27725-9EA9-8992-8D40-FA055BC62195">
<hideElementsInCurrentOnly>false</hideElementsInCurrentOnly>
<bounds x="1363" y="835" width="205" height="141"/>
</OView>
<OView class="oracle.dbtools.crest.swingui.relational.TVTable" oid="98087F40-D5FC-0713-2AFC-FAF9E3B94182" otype="Table" vid="F4F842FD-9DAF-9DAC-DBA6-1639114F4F66">
<hideElementsInCurrentOnly>false</hideElementsInCurrentOnly>
<bounds x="156" y="71" width="271" height="91"/>
</OView>
<OView class="oracle.dbtools.crest.swingui.relational.TVTable" oid="D47E8DBB-F457-763D-C7F4-191190865B1F" otype="Table" vid="08297290-07AA-DC47-3A87-2D538FB9E316">
<hideElementsInCurrentOnly>false</hideElementsInCurrentOnly>
<bounds x="220" y="319" width="323" height="268"/>
</OView>
<OView class="oracle.dbtools.crest.swingui.relational.TVTable" oid="DC87DCBA-E9D3-0707-6E26-C3F41EB786BC" otype="Table" vid="DD116199-E9EA-B6C4-2869-D66CD84A591C">
<hideElementsInCurrentOnly>false</hideElementsInCurrentOnly>
<bounds x="405" y="774" width="260" height="118"/>
</OView>
<OView class="oracle.dbtools.crest.swingui.relational.TVTable" oid="EA94A6B6-C0FE-C2F5-6D0C-14BB0912A2AC" otype="Table" vid="C5C8ACA6-6D7F-225E-3787-19E5E0B152A9">
<hideElementsInCurrentOnly>false</hideElementsInCurrentOnly>
<bounds x="1267" y="4" width="270" height="105"/>
</OView>
<OView class="oracle.dbtools.crest.swingui.relational.TVTable" oid="EE725CC4-9990-3A39-4875-96208884BA70" otype="Table" vid="D945C0D2-0679-C9FC-939F-AFC0FF6B7D62">
<hideElementsInCurrentOnly>false</hideElementsInCurrentOnly>
<bounds x="1744" y="848" width="201" height="90"/>
</OView>
<OView class="oracle.dbtools.crest.swingui.relational.TVTable" oid="EEF88047-BB55-5149-4792-A757A939EEC4" otype="Table" vid="A768331A-849C-2646-BEEF-ED3936D33115">
<hideElementsInCurrentOnly>false</hideElementsInCurrentOnly>
<bounds x="903" y="560" width="439" height="184"/>
</OView>
<OView class="oracle.dbtools.crest.swingui.relational.TVTable" oid="F7CFB432-F8D3-58DD-A2BF-DD362FFF56FE" otype="Table" vid="392722BC-111B-445F-D6C0-FE336133328C">
<hideElementsInCurrentOnly>false</hideElementsInCurrentOnly>
<bounds x="11" y="711" width="347" height="211"/>
</OView>
</objectViews>
<connectors>
<Connector class="oracle.dbtools.crest.swingui.relational.TVFKRelation" oid="0DA95A58-8BBE-6218-B515-1F4182DF733F" otype="FKIndexAssociation" vid_source="77D48A31-ED4D-1610-6AA0-E96D864AB5BE" vid_target="9CC70E69-058B-02E0-D012-01B48E8F3CCF">
<hideElementsInCurrentOnly>false</hideElementsInCurrentOnly>
<backgroundColor>-16777216</backgroundColor>
<lineWidth>1</lineWidth>
<points>
<point x="1151" y="216"/>
<point x="762" y="216"/>
</points>
</Connector>
<Connector class="oracle.dbtools.crest.swingui.relational.TVFKRelation" oid="1A135B39-F898-A5DB-B2CE-CA8D28CB2204" otype="FKIndexAssociation" vid_source="853E4CCE-2E64-D096-34AE-3340451C76FB" vid_target="A768331A-849C-2646-BEEF-ED3936D33115">
<hideElementsInCurrentOnly>false</hideElementsInCurrentOnly>
<backgroundColor>-16777216</backgroundColor>
<lineWidth>1</lineWidth>
<points>
<point x="1634" y="609"/>
<point x="1342" y="609"/>
</points>
</Connector>
<Connector class="oracle.dbtools.crest.swingui.relational.TVFKRelation" oid="4C86F232-5953-6FF3-CB92-9480D1213D98" otype="FKIndexAssociation" vid_source="77D48A31-ED4D-1610-6AA0-E96D864AB5BE" vid_target="A768331A-849C-2646-BEEF-ED3936D33115">
<hideElementsInCurrentOnly>false</hideElementsInCurrentOnly>
<backgroundColor>-16777216</backgroundColor>
<lineWidth>1</lineWidth>
<points>
<point x="1246" y="450"/>
<point x="1246" y="560"/>
</points>
</Connector>
<Connector class="oracle.dbtools.crest.swingui.relational.TVFKRelation" oid="76AC00BB-0C83-9F0A-B887-8ACA9EA36181" otype="FKIndexAssociation" vid_source="F4F842FD-9DAF-9DAC-DBA6-1639114F4F66" vid_target="08297290-07AA-DC47-3A87-2D538FB9E316">
<hideElementsInCurrentOnly>false</hideElementsInCurrentOnly>
<backgroundColor>-16777216</backgroundColor>
<lineWidth>1</lineWidth>
<points>
<point x="323" y="162"/>
<point x="323" y="319"/>
</points>
</Connector>
<Connector class="oracle.dbtools.crest.swingui.relational.TVFKRelation" oid="9C3D9016-E333-7404-238C-B90652BB4058" otype="FKIndexAssociation" vid_source="08297290-07AA-DC47-3A87-2D538FB9E316" vid_target="77D48A31-ED4D-1610-6AA0-E96D864AB5BE">
<hideElementsInCurrentOnly>false</hideElementsInCurrentOnly>
<backgroundColor>-16777216</backgroundColor>
<lineWidth>1</lineWidth>
<points>
<point x="543" y="384"/>
<point x="1151" y="384"/>
</points>
</Connector>
<Connector class="oracle.dbtools.crest.swingui.relational.TVFKRelation" oid="9E7AFB67-7764-F8DD-9E46-2AE8D05445CD" otype="FKIndexAssociation" vid_source="11EADA42-C4E2-15C4-4651-DA02BB00801F" vid_target="392722BC-111B-445F-D6C0-FE336133328C">
<hideElementsInCurrentOnly>false</hideElementsInCurrentOnly>
<backgroundColor>-16777216</backgroundColor>
<lineWidth>1</lineWidth>
<points>
<point x="184" y="1030"/>
<point x="184" y="922"/>
</points>
</Connector>
<Connector class="oracle.dbtools.crest.swingui.relational.TVFKRelation" oid="BEAE258A-4B7F-F0F5-A10F-D9BD8C4383CC" otype="FKIndexAssociation" vid_source="C5C8ACA6-6D7F-225E-3787-19E5E0B152A9" vid_target="77D48A31-ED4D-1610-6AA0-E96D864AB5BE">
<hideElementsInCurrentOnly>false</hideElementsInCurrentOnly>
<backgroundColor>-16777216</backgroundColor>
<lineWidth>1</lineWidth>
<points>
<point x="1398" y="109"/>
<point x="1398" y="192"/>
</points>
</Connector>
<Connector class="oracle.dbtools.crest.swingui.relational.TVFKRelation" oid="BEE2E512-3666-244C-B3CF-815505958B5B" otype="FKIndexAssociation" vid_source="DD116199-E9EA-B6C4-2869-D66CD84A591C" vid_target="08297290-07AA-DC47-3A87-2D538FB9E316">
<hideElementsInCurrentOnly>false</hideElementsInCurrentOnly>
<backgroundColor>-16777216</backgroundColor>
<lineWidth>1</lineWidth>
<points>
<point x="474" y="774"/>
<point x="474" y="587"/>
</points>
</Connector>
<Connector class="oracle.dbtools.crest.swingui.relational.TVFKRelation" oid="D3311CE2-C0C1-04E9-CEED-378411AD8612" otype="FKIndexAssociation" vid_source="71CAA4F3-386B-5C56-8E82-3295B72C879B" vid_target="08297290-07AA-DC47-3A87-2D538FB9E316">
<hideElementsInCurrentOnly>false</hideElementsInCurrentOnly>
<backgroundColor>-16777216</backgroundColor>
<lineWidth>1</lineWidth>
<points>
<point x="843" y="815"/>
<point x="543" y="579"/>
</points>
</Connector>
<Connector class="oracle.dbtools.crest.swingui.relational.TVFKRelation" oid="D36163F1-F9AF-4093-ECC2-E67947A02B86" otype="FKIndexAssociation" vid_source="1AF27725-9EA9-8992-8D40-FA055BC62195" vid_target="71CAA4F3-386B-5C56-8E82-3295B72C879B">
<hideElementsInCurrentOnly>false</hideElementsInCurrentOnly>
<backgroundColor>-16777216</backgroundColor>
<lineWidth>1</lineWidth>
<points>
<point x="1363" y="905"/>
<point x="1163" y="905"/>
</points>
</Connector>
<Connector class="oracle.dbtools.crest.swingui.relational.TVFKRelation" oid="DB6CB327-FB49-3B48-3FEA-B8626702C5ED" otype="FKIndexAssociation" vid_source="D945C0D2-0679-C9FC-939F-AFC0FF6B7D62" vid_target="1AF27725-9EA9-8992-8D40-FA055BC62195">
<hideElementsInCurrentOnly>false</hideElementsInCurrentOnly>
<backgroundColor>-16777216</backgroundColor>
<lineWidth>1</lineWidth>
<points>
<point x="1744" y="893"/>
<point x="1568" y="893"/>
</points>
</Connector>
<Connector class="oracle.dbtools.crest.swingui.relational.TVFKRelation" oid="DFABEDAF-A811-439F-A78A-AEBA28E30EB6" otype="FKIndexAssociation" vid_source="853E4CCE-2E64-D096-34AE-3340451C76FB" vid_target="77D48A31-ED4D-1610-6AA0-E96D864AB5BE">
<hideElementsInCurrentOnly>false</hideElementsInCurrentOnly>
<backgroundColor>-16777216</backgroundColor>
<lineWidth>1</lineWidth>
<points>
<point x="1687" y="556"/>
<point x="1530" y="449"/>
</points>
</Connector>
<Connector class="oracle.dbtools.crest.swingui.relational.TVFKRelation" oid="FF1601EA-582B-010A-BC63-D3ABE5D5A397" otype="FKIndexAssociation" vid_source="08297290-07AA-DC47-3A87-2D538FB9E316" vid_target="392722BC-111B-445F-D6C0-FE336133328C">
<hideElementsInCurrentOnly>false</hideElementsInCurrentOnly>
<backgroundColor>-16777216</backgroundColor>
<lineWidth>1</lineWidth>
<points>
<point x="289" y="587"/>
<point x="289" y="711"/>
</points>
</Connector>
</connectors>
</Diagram>