<?xml version = '1.0' encoding = 'UTF-8'?>
<FKIndexAssociation class="oracle.dbtools.crest.model.design.relational.FKIndexAssociation" directorySegmentName="seg_0" id="0DA95A58-8BBE-6218-B515-1F4182DF733F" containerWithKeyObject="3681E5BF-4C4F-D65A-1613-B61D81B43887" localFKIndex="07AA5154-0C45-7630-82F9-9B588FC3F4CC" name="ZMARLY_KWATERA_FK">
<createdBy>User</createdBy>
<createdTime>2021-01-08 14:53:06 UTC</createdTime>
<generatorID>4BB9C377-137E-F5E7-031D-A402F162196F</generatorID>
<ownerDesignName>BD1_Projekt</ownerDesignName>
<referredTableLongName>KWATERA</referredTableLongName>
<deleteRule>NO ACTION</deleteRule>
<referredTableID>08BCD260-BB09-A8BC-F7E5-E2FBFEF27DE6</referredTableID>
<keyObject>6EB8C7C9-3068-D2AB-15AB-E037CA1729EB</keyObject>
<referredKeyID>6EB8C7C9-3068-D2AB-15AB-E037CA1729EB</referredKeyID>
<mandatory>true</mandatory>
<refColNames>ID_KWATERY</refColNames>
<transferable>true</transferable>
<rely>false</rely>
<columnDependencyConstraintGenerateInDDL>true</columnDependencyConstraintGenerateInDDL>
</FKIndexAssociation>