<?xml version = '1.0' encoding = 'UTF-8'?>
<FKIndexAssociation class="oracle.dbtools.crest.model.design.relational.FKIndexAssociation" directorySegmentName="seg_0" id="1A135B39-F898-A5DB-B2CE-CA8D28CB2204" containerWithKeyObject="EEF88047-BB55-5149-4792-A757A939EEC4" localFKIndex="1A50A508-B450-2A8E-B7E2-DC6033B483FB" name="HIST_ZAK_KWA_WLASC_KWA_FK">
<createdBy>User</createdBy>
<createdTime>2021-01-08 10:00:40 UTC</createdTime>
<generatorID>5F8043F5-DEAC-BDCA-86C9-FADE0FDCEE70</generatorID>
<ownerDesignName>BD1_Projekt</ownerDesignName>
<referredTableLongName>WLASCICIEL_KWATERY</referredTableLongName>
<deleteRule>NO ACTION</deleteRule>
<referredTableID>68BBFF5A-6129-7CA3-9391-DA08A6D119C0</referredTableID>
<keyObject>441841BB-5021-22AC-4E1D-A2702F6A5C9C</keyObject>
<referredKeyID>441841BB-5021-22AC-4E1D-A2702F6A5C9C</referredKeyID>
<mandatory>true</mandatory>
<refColNames>ID_WLASCICIELA</refColNames>
<transferable>false</transferable>
<rely>false</rely>
<columnDependencyConstraintGenerateInDDL>true</columnDependencyConstraintGenerateInDDL>
</FKIndexAssociation>