<?xml version = '1.0' encoding = 'UTF-8'?>
<FKIndexAssociation class="oracle.dbtools.crest.model.design.relational.FKIndexAssociation" directorySegmentName="seg_0" id="4C86F232-5953-6FF3-CB92-9480D1213D98" containerWithKeyObject="EEF88047-BB55-5149-4792-A757A939EEC4" localFKIndex="BEE673BF-DBE1-2047-E91D-18EC95FDDA43" name="HIST_ZAK_KWA_KWATERA_FK">
<createdBy>User</createdBy>
<createdTime>2021-01-08 09:20:18 UTC</createdTime>
<generatorID>258878A6-D861-EB38-E1D1-4A4BB18DF088</generatorID>
<ownerDesignName>BD1_Projekt</ownerDesignName>
<referredTableLongName>KWATERA</referredTableLongName>
<deleteRule>NO ACTION</deleteRule>
<referredTableID>08BCD260-BB09-A8BC-F7E5-E2FBFEF27DE6</referredTableID>
<keyObject>6EB8C7C9-3068-D2AB-15AB-E037CA1729EB</keyObject>
<referredKeyID>6EB8C7C9-3068-D2AB-15AB-E037CA1729EB</referredKeyID>
<mandatory>true</mandatory>
<refColNames>ID_KWATERY</refColNames>
<transferable>false</transferable>
<rely>false</rely>
<columnDependencyConstraintGenerateInDDL>true</columnDependencyConstraintGenerateInDDL>
</FKIndexAssociation>