<?xml version = '1.0' encoding = 'UTF-8'?>
<FKIndexAssociation class="oracle.dbtools.crest.model.design.relational.FKIndexAssociation" directorySegmentName="seg_0" id="76AC00BB-0C83-9F0A-B887-8ACA9EA36181" containerWithKeyObject="D47E8DBB-F457-763D-C7F4-191190865B1F" localFKIndex="E97024CE-8A9B-625B-0B2C-3F99F63017ED" name="CMENTARZ_TYP_CMENTARZA_FK">
<createdBy>User</createdBy>
<createdTime>2021-01-08 00:10:50 UTC</createdTime>
<generatorID>4375B1E5-BB90-9763-BB43-AFB257C10C83</generatorID>
<ownerDesignName>BD1_Projekt</ownerDesignName>
<referredTableLongName>TYP_CMENTARZA</referredTableLongName>
<deleteRule>NO ACTION</deleteRule>
<referredTableID>98087F40-D5FC-0713-2AFC-FAF9E3B94182</referredTableID>
<keyObject>A4BA62D2-9BCC-B236-ECA8-494461C3C53A</keyObject>
<referredKeyID>A4BA62D2-9BCC-B236-ECA8-494461C3C53A</referredKeyID>
<mandatory>true</mandatory>
<refColNames>ID_TYPU_CMENTARZA</refColNames>
<transferable>false</transferable>
<rely>false</rely>
<columnDependencyConstraintGenerateInDDL>true</columnDependencyConstraintGenerateInDDL>
</FKIndexAssociation>