<?xml version = '1.0' encoding = 'UTF-8'?>
<FKIndexAssociation class="oracle.dbtools.crest.model.design.relational.FKIndexAssociation" directorySegmentName="seg_0" id="9C3D9016-E333-7404-238C-B90652BB4058" containerWithKeyObject="08BCD260-BB09-A8BC-F7E5-E2FBFEF27DE6" localFKIndex="70259BFC-18FC-4EF5-A3D1-9F38747CB626" name="KWATERA_CMENTARZ_FK">
<createdBy>User</createdBy>
<createdTime>2021-01-08 14:50:08 UTC</createdTime>
<ownerDesignName>BD1_Projekt</ownerDesignName>
<referredTableLongName>CMENTARZ</referredTableLongName>
<deleteRule>NO ACTION</deleteRule>
<referredTableID>D47E8DBB-F457-763D-C7F4-191190865B1F</referredTableID>
<keyObject>2D86F179-4EB5-E77E-1CDD-030D870F5D3B</keyObject>
<referredKeyID>2D86F179-4EB5-E77E-1CDD-030D870F5D3B</referredKeyID>
<mandatory>true</mandatory>
<refColNames>ID_CMENTARZA</refColNames>
<transferable>false</transferable>
<rely>false</rely>
<columnDependencyConstraintGenerateInDDL>true</columnDependencyConstraintGenerateInDDL>
</FKIndexAssociation>