<?xml version = '1.0' encoding = 'UTF-8'?>
<FKIndexAssociation class="oracle.dbtools.crest.model.design.relational.FKIndexAssociation" directorySegmentName="seg_0" id="9E7AFB67-7764-F8DD-9E46-2AE8D05445CD" containerWithKeyObject="F7CFB432-F8D3-58DD-A2BF-DD362FFF56FE" localFKIndex="7B0A13F3-B29A-8D9A-F60F-683DF97FD699" name="INWESTYCJA_FIRMA_FK">
<createdBy>User</createdBy>
<createdTime>2021-01-08 09:20:18 UTC</createdTime>
<generatorID>EE964DE2-B414-0468-5FAB-FDDFB08DDB9A</generatorID>
<ownerDesignName>BD1_Projekt</ownerDesignName>
<referredTableLongName>FIRMA</referredTableLongName>
<deleteRule>NO ACTION</deleteRule>
<referredTableID>3F7330F7-3E99-75C7-B900-1097087FA451</referredTableID>
<keyObject>B00B2E2C-19BA-743C-BCDD-44B8CDAAB01A</keyObject>
<referredKeyID>B00B2E2C-19BA-743C-BCDD-44B8CDAAB01A</referredKeyID>
<mandatory>true</mandatory>
<refColNames>ID_FIRMY</refColNames>
<transferable>true</transferable>
<rely>false</rely>
<columnDependencyConstraintGenerateInDDL>true</columnDependencyConstraintGenerateInDDL>
</FKIndexAssociation>