<?xml version = '1.0' encoding = 'UTF-8'?>
<FKIndexAssociation class="oracle.dbtools.crest.model.design.relational.FKIndexAssociation" directorySegmentName="seg_0" id="BEAE258A-4B7F-F0F5-A10F-D9BD8C4383CC" containerWithKeyObject="08BCD260-BB09-A8BC-F7E5-E2FBFEF27DE6" localFKIndex="61456BCF-8F52-1741-8F7B-64EDAE4230CD" name="KWATERA_TYP__KWATERY_FK">
<createdBy>User</createdBy>
<createdTime>2021-01-08 00:10:50 UTC</createdTime>
<generatorID>B44F46E2-1C4C-C10B-517C-6B24A422FE12</generatorID>
<ownerDesignName>BD1_Projekt</ownerDesignName>
<referredTableLongName>TYP__KWATERY</referredTableLongName>
<deleteRule>NO ACTION</deleteRule>
<referredTableID>EA94A6B6-C0FE-C2F5-6D0C-14BB0912A2AC</referredTableID>
<keyObject>4280C8A0-22A3-AE6D-BD20-341D98C95906</keyObject>
<referredKeyID>4280C8A0-22A3-AE6D-BD20-341D98C95906</referredKeyID>
<mandatory>true</mandatory>
<refColNames>ID_RODZAJU_KWATERY</refColNames>
<transferable>false</transferable>
<rely>false</rely>
<columnDependencyConstraintGenerateInDDL>true</columnDependencyConstraintGenerateInDDL>
</FKIndexAssociation>