<?xml version = '1.0' encoding = 'UTF-8'?>
<FKIndexAssociation class="oracle.dbtools.crest.model.design.relational.FKIndexAssociation" directorySegmentName="seg_0" id="BEE2E512-3666-244C-B3CF-815505958B5B" containerWithKeyObject="D47E8DBB-F457-763D-C7F4-191190865B1F" localFKIndex="AB63F934-0679-FEF0-AE29-5DF7E3C505E5" name="CMENTARZ_KIEROWNIK_FK">
<createdBy>User</createdBy>
<createdTime>2021-01-08 00:10:50 UTC</createdTime>
<generatorID>3352DB7B-0EF5-CCD5-E4EF-A0F8AC387D9A</generatorID>
<ownerDesignName>BD1_Projekt</ownerDesignName>
<referredTableLongName>KIEROWNIK</referredTableLongName>
<deleteRule>NO ACTION</deleteRule>
<referredTableID>DC87DCBA-E9D3-0707-6E26-C3F41EB786BC</referredTableID>
<keyObject>330F8F85-EEB8-7EA0-996F-B38DB25F9216</keyObject>
<referredKeyID>330F8F85-EEB8-7EA0-996F-B38DB25F9216</referredKeyID>
<mandatory>true</mandatory>
<refColNames>ID_KIEROWNIKA</refColNames>
<transferable>true</transferable>
<rely>false</rely>
<columnDependencyConstraintGenerateInDDL>true</columnDependencyConstraintGenerateInDDL>
</FKIndexAssociation>