<?xml version = '1.0' encoding = 'UTF-8'?>
<FKIndexAssociation class="oracle.dbtools.crest.model.design.relational.FKIndexAssociation" directorySegmentName="seg_0" id="D3311CE2-C0C1-04E9-CEED-378411AD8612" containerWithKeyObject="D47E8DBB-F457-763D-C7F4-191190865B1F" localFKIndex="5EAB4B29-00D3-0B50-77E2-4D9D072368A2" name="CMENTARZ_ADRES_FK">
<createdBy>User</createdBy>
<createdTime>2021-01-08 00:10:50 UTC</createdTime>
<generatorID>B07CF1C0-8CD4-42DB-988D-1790803C1DD6</generatorID>
<ownerDesignName>BD1_Projekt</ownerDesignName>
<referredTableLongName>ADRES</referredTableLongName>
<deleteRule>NO ACTION</deleteRule>
<referredTableID>10CCEE99-CF03-1AF0-64B5-45AC12720C2E</referredTableID>
<keyObject>F4D4B3A8-5CDB-A223-0F8F-4FF7C7CC463E</keyObject>
<referredKeyID>F4D4B3A8-5CDB-A223-0F8F-4FF7C7CC463E</referredKeyID>
<mandatory>true</mandatory>
<refColNames>ID_ADRESU,ID_KRAJU,ID_REGIONU</refColNames>
<transferable>false</transferable>
<rely>false</rely>
<columnDependencyConstraintGenerateInDDL>true</columnDependencyConstraintGenerateInDDL>
</FKIndexAssociation>