<?xml version = '1.0' encoding = 'UTF-8'?>
<FKIndexAssociation class="oracle.dbtools.crest.model.design.relational.FKIndexAssociation" directorySegmentName="seg_0" id="D36163F1-F9AF-4093-ECC2-E67947A02B86" containerWithKeyObject="10CCEE99-CF03-1AF0-64B5-45AC12720C2E" localFKIndex="B38C514E-18E0-6A11-A378-69AAE58DDF95" name="ADRES_KRAJ_FK">
<createdBy>User</createdBy>
<createdTime>2021-01-08 00:10:50 UTC</createdTime>
<generatorID>095F9D41-23BA-1D9A-8532-C9F5F5F3D3D0</generatorID>
<ownerDesignName>BD1_Projekt</ownerDesignName>
<referredTableLongName>KRAJ</referredTableLongName>
<deleteRule>NO ACTION</deleteRule>
<referredTableID>6F6656B3-9B5F-E657-12E5-F38FAFFF38B8</referredTableID>
<keyObject>91A62DDD-63AB-95A0-3AAF-ABB650A65533</keyObject>
<referredKeyID>91A62DDD-63AB-95A0-3AAF-ABB650A65533</referredKeyID>
<mandatory>true</mandatory>
<refColNames>ID_KRAJU,ID_REGIONU</refColNames>
<transferable>false</transferable>
<rely>false</rely>
<columnDependencyConstraintGenerateInDDL>true</columnDependencyConstraintGenerateInDDL>
</FKIndexAssociation>