<?xml version = '1.0' encoding = 'UTF-8'?>
<FKIndexAssociation class="oracle.dbtools.crest.model.design.relational.FKIndexAssociation" directorySegmentName="seg_0" id="DB6CB327-FB49-3B48-3FEA-B8626702C5ED" containerWithKeyObject="6F6656B3-9B5F-E657-12E5-F38FAFFF38B8" localFKIndex="E470358F-C744-53CA-E50E-032ED53E55A0" name="KRAJ_REGION_FK">
<createdBy>User</createdBy>
<createdTime>2021-01-08 00:10:50 UTC</createdTime>
<generatorID>A5755069-5156-725A-C718-08262E69F94D</generatorID>
<ownerDesignName>BD1_Projekt</ownerDesignName>
<referredTableLongName>REGION</referredTableLongName>
<deleteRule>NO ACTION</deleteRule>
<referredTableID>EE725CC4-9990-3A39-4875-96208884BA70</referredTableID>
<keyObject>1C69F815-1E6E-D527-88B8-F76E9555D461</keyObject>
<referredKeyID>1C69F815-1E6E-D527-88B8-F76E9555D461</referredKeyID>
<mandatory>true</mandatory>
<refColNames>ID_REGIONU</refColNames>
<transferable>false</transferable>
<rely>false</rely>
<columnDependencyConstraintGenerateInDDL>true</columnDependencyConstraintGenerateInDDL>
</FKIndexAssociation>