<?xml version = '1.0' encoding = 'UTF-8'?>
<FKIndexAssociation class="oracle.dbtools.crest.model.design.relational.FKIndexAssociation" directorySegmentName="seg_0" id="DFABEDAF-A811-439F-A78A-AEBA28E30EB6" containerWithKeyObject="08BCD260-BB09-A8BC-F7E5-E2FBFEF27DE6" localFKIndex="EB956937-127E-0CE2-B939-E8F3AAD59AAB" name="KWATERA_WLASCICIEL_KWATERY_FK">
<createdBy>User</createdBy>
<createdTime>2021-01-08 17:02:03 UTC</createdTime>
<generatorID>3D2D3817-4B73-862E-4701-5C8A97103D0D</generatorID>
<ownerDesignName>BD1_Projekt</ownerDesignName>
<referredTableLongName>WLASCICIEL_KWATERY</referredTableLongName>
<deleteRule>NO ACTION</deleteRule>
<referredTableID>68BBFF5A-6129-7CA3-9391-DA08A6D119C0</referredTableID>
<keyObject>441841BB-5021-22AC-4E1D-A2702F6A5C9C</keyObject>
<referredKeyID>441841BB-5021-22AC-4E1D-A2702F6A5C9C</referredKeyID>
<mandatory>false</mandatory>
<refColNames>ID_WLASCICIELA</refColNames>
<transferable>true</transferable>
<rely>false</rely>
<columnDependencyConstraintGenerateInDDL>true</columnDependencyConstraintGenerateInDDL>
</FKIndexAssociation>