<?xml version = '1.0' encoding = 'UTF-8'?>
<FKIndexAssociation class="oracle.dbtools.crest.model.design.relational.FKIndexAssociation" directorySegmentName="seg_0" id="FF1601EA-582B-010A-BC63-D3ABE5D5A397" containerWithKeyObject="F7CFB432-F8D3-58DD-A2BF-DD362FFF56FE" localFKIndex="36D3E944-DA4C-6D92-5084-05449FD56190" name="INWESTYCJA_CMENTARZ_FK">
<createdBy>User</createdBy>
<createdTime>2021-01-13 02:30:33 UTC</createdTime>
<ownerDesignName>BD1_Projekt</ownerDesignName>
<referredTableLongName>CMENTARZ</referredTableLongName>
<deleteRule>NO ACTION</deleteRule>
<referredTableID>D47E8DBB-F457-763D-C7F4-191190865B1F</referredTableID>
<keyObject>2D86F179-4EB5-E77E-1CDD-030D870F5D3B</keyObject>
<referredKeyID>2D86F179-4EB5-E77E-1CDD-030D870F5D3B</referredKeyID>
<mandatory>true</mandatory>
<refColNames>ID_CMENTARZA</refColNames>
<transferable>false</transferable>
<rely>false</rely>
<columnDependencyConstraintGenerateInDDL>true</columnDependencyConstraintGenerateInDDL>
</FKIndexAssociation>