<?xml version = '1.0' encoding = 'UTF-8'?>
<Table class="oracle.dbtools.crest.model.design.relational.Table" directorySegmentName="seg_0" id="08BCD260-BB09-A8BC-F7E5-E2FBFEF27DE6" name="KWATERA">
<createdBy>User</createdBy>
<createdTime>2021-01-08 00:10:50 UTC</createdTime>
<generatorID>346FE377-3922-9BF5-BB71-8F4780482CF9</generatorID>
<ownerDesignName>BD1_Projekt</ownerDesignName>
<allowColumnReorder>false</allowColumnReorder>
<existDependencyGenerateInDDl>true</existDependencyGenerateInDDl>
<parsed>true</parsed>
<columns itemClass="oracle.dbtools.crest.model.design.relational.Column">
<Column name="ID_KWATERY" id="7B3F06E2-7343-4A20-39EA-CBDDFF4409DD">
<createdBy>User</createdBy>
<createdTime>2021-01-08 13:48:59 UTC</createdTime>
<ownerDesignName>BD1_Projekt</ownerDesignName>
<useDomainConstraints>false</useDomainConstraints>
<use>1</use>
<logicalDatatype>LOGDT019</logicalDatatype>
<dataTypePrecision>6</dataTypePrecision>
<ownDataTypeParameters>,6,</ownDataTypeParameters>
<autoIncrementCycle>false</autoIncrementCycle>
</Column>
<Column name="KOD_KWATERY" id="8F8A1C3A-597E-60DE-9F0B-97C134B123A3">
<createdBy>User</createdBy>
<createdTime>2021-01-08 00:10:50 UTC</createdTime>
<generatorID>46D3CAA0-6CFB-2E3D-A8AC-630DD985B091</generatorID>
<ownerDesignName>BD1_Projekt</ownerDesignName>
<useDomainConstraints>false</useDomainConstraints>
<use>1</use>
<logicalDatatype>LOGDT024</logicalDatatype>
<dataTypeSize>10</dataTypeSize>
<ownDataTypeParameters>10,,</ownDataTypeParameters>
<autoIncrementCycle>false</autoIncrementCycle>
</Column>
<Column name="DATA_ZAKUPU" id="A094B4FA-8AA7-D656-EA25-B3B494509DBF">
<createdBy>User</createdBy>
<createdTime>2021-01-08 00:10:50 UTC</createdTime>
<generatorID>092ED69E-57D4-3E4B-6764-C13452F80524</generatorID>
<ownerDesignName>BD1_Projekt</ownerDesignName>
<nullsAllowed>true</nullsAllowed>
<useDomainConstraints>false</useDomainConstraints>
<use>1</use>
<logicalDatatype>LOGDT007</logicalDatatype>
<ownDataTypeParameters>,,</ownDataTypeParameters>
<autoIncrementCycle>false</autoIncrementCycle>
</Column>
<Column name="LICZBA_LAT_WAZNOSCI" id="B5D209FF-2F22-4B53-681D-849BB67EEAD1">
<createdBy>User</createdBy>
<createdTime>2021-01-08 00:10:50 UTC</createdTime>
<generatorID>5F6E4A83-938D-EEBF-0FB8-9D26CEA7F1E4</generatorID>
<ownerDesignName>BD1_Projekt</ownerDesignName>
<nullsAllowed>true</nullsAllowed>
<useDomainConstraints>false</useDomainConstraints>
<use>1</use>
<logicalDatatype>LOGDT019</logicalDatatype>
<dataTypePrecision>5</dataTypePrecision>
<ownDataTypeParameters>,5,</ownDataTypeParameters>
<autoIncrementCycle>false</autoIncrementCycle>
</Column>
<Column name="ID_TYPU_KWATERY" id="99E5D8DE-23AC-503F-B930-0D5B814D5B61">
<createdBy>User</createdBy>
<createdTime>2021-01-08 00:10:50 UTC</createdTime>
<generatorID>7AF89810-EAA3-4551-EBE4-0E2535ED6916</generatorID>
<ownerDesignName>BD1_Projekt</ownerDesignName>
<useDomainConstraints>false</useDomainConstraints>
<use>1</use>
<logicalDatatype>LOGDT019</logicalDatatype>
<dataTypePrecision>4</dataTypePrecision>
<ownDataTypeParameters>,,</ownDataTypeParameters>
<previousColumn>false</previousColumn>
<autoIncrementCycle>false</autoIncrementCycle>
<associations>
<colAssociation fkAssociation="BEAE258A-4B7F-F0F5-A10F-D9BD8C4383CC" referredColumn="2A6380E0-8FFA-DC0A-8A34-53FF1E9F72E6"/>
</associations>
</Column>
<Column name="ID_CMENTARZA" id="57762E4D-FC10-40D1-93D1-9CB26FBC4B0D">
<createdBy>User</createdBy>
<createdTime>2021-01-08 14:50:08 UTC</createdTime>
<ownerDesignName>BD1_Projekt</ownerDesignName>
<useDomainConstraints>false</useDomainConstraints>
<use>1</use>
<logicalDatatype>LOGDT019</logicalDatatype>
<dataTypePrecision>4</dataTypePrecision>
<ownDataTypeParameters>,,</ownDataTypeParameters>
<previousColumn>false</previousColumn>
<autoIncrementCycle>false</autoIncrementCycle>
<associations>
<colAssociation fkAssociation="9C3D9016-E333-7404-238C-B90652BB4058" referredColumn="7A1E13F9-2030-4515-5082-CC34F09EBC99"/>
</associations>
</Column>
<Column name="ID_WLASCICIELA" id="06F5E7BC-B2CD-3CE4-2A2B-F414C35EDAE0">
<createdBy>User</createdBy>
<createdTime>2021-01-08 17:02:03 UTC</createdTime>
<ownerDesignName>BD1_Projekt</ownerDesignName>
<nullsAllowed>true</nullsAllowed>
<useDomainConstraints>false</useDomainConstraints>
<use>1</use>
<logicalDatatype>LOGDT019</logicalDatatype>
<dataTypePrecision>4</dataTypePrecision>
<ownDataTypeParameters>,,</ownDataTypeParameters>
<previousColumn>false</previousColumn>
<autoIncrementCycle>false</autoIncrementCycle>
<associations>
<colAssociation fkAssociation="DFABEDAF-A811-439F-A78A-AEBA28E30EB6" referredColumn="91078C05-05DE-BD7B-1F9E-78FE6F8F3234"/>
</associations>
</Column>
</columns>
<indexes itemClass="oracle.dbtools.crest.model.design.relational.Index">
<ind_PK_UK id="6EB8C7C9-3068-D2AB-15AB-E037CA1729EB" name="KWATERA_PK">
<createdBy>User</createdBy>
<createdTime>2021-01-08 00:10:50 UTC</createdTime>
<generatorID>4BB9C377-137E-F5E7-031D-A402F162196F</generatorID>
<ownerDesignName>BD1_Projekt</ownerDesignName>
<pk>true</pk>
<indexState>Primary Constraint</indexState>
<isSurrogateKey>false</isSurrogateKey>
<indexColumnUsage>
<colUsage columnID="7B3F06E2-7343-4A20-39EA-CBDDFF4409DD"/>
</indexColumnUsage>
</ind_PK_UK>
<ind_PK_UK id="8A7C7E2D-8723-42E2-39ED-A0BB2B13A452" name="KWATERA__UNv2">
<createdBy>User</createdBy>
<createdTime>2021-01-13 04:27:34 UTC</createdTime>
<ownerDesignName>BD1_Projekt</ownerDesignName>
<indexState>Unique Constraint</indexState>
<isSurrogateKey>false</isSurrogateKey>
<indexColumnUsage>
<colUsage columnID="8F8A1C3A-597E-60DE-9F0B-97C134B123A3"/>
<colUsage columnID="57762E4D-FC10-40D1-93D1-9CB26FBC4B0D"/>
</indexColumnUsage>
</ind_PK_UK>
<ind_PK_UK id="EA0E3B61-8E90-6EEC-5688-99CFF628D8B1" name="KWATERA__IDX">
<createdBy>User</createdBy>
<createdTime>2021-01-08 14:01:18 UTC</createdTime>
<ownerDesignName>BD1_Projekt</ownerDesignName>
<isSurrogateKey>false</isSurrogateKey>
<indexColumnUsage>
<colUsage columnID="99E5D8DE-23AC-503F-B930-0D5B814D5B61"/>
</indexColumnUsage>
</ind_PK_UK>
<ind_PK_UK id="FDE1CE37-ADE2-CEBA-8AAB-8275A5E178E6" name="KWATERA__IDXv1">
<createdBy>User</createdBy>
<createdTime>2021-01-08 23:28:49 UTC</createdTime>
<ownerDesignName>BD1_Projekt</ownerDesignName>
<isSurrogateKey>false</isSurrogateKey>
<indexColumnUsage>
<colUsage columnID="57762E4D-FC10-40D1-93D1-9CB26FBC4B0D"/>
</indexColumnUsage>
</ind_PK_UK>
<ind_PK_UK id="9C3153AB-13C6-54ED-6EF0-BD9E757ABC0D" name="KWATERA__IDXv2">
<createdBy>User</createdBy>
<createdTime>2021-01-08 17:05:34 UTC</createdTime>
<ownerDesignName>BD1_Projekt</ownerDesignName>
<isSurrogateKey>false</isSurrogateKey>
<indexColumnUsage>
<colUsage columnID="06F5E7BC-B2CD-3CE4-2A2B-F414C35EDAE0"/>
</indexColumnUsage>
</ind_PK_UK>
<ind_PK_UK id="61456BCF-8F52-1741-8F7B-64EDAE4230CD" name="KWATERA_TYP__KWATERY_FK">
<createdBy>User</createdBy>
<createdTime>2021-01-08 00:10:50 UTC</createdTime>
<generatorID>B44F46E2-1C4C-C10B-517C-6B24A422FE12</generatorID>
<ownerDesignName>BD1_Projekt</ownerDesignName>
<indexState>Foreign Key</indexState>
<isSurrogateKey>false</isSurrogateKey>
<indexColumnUsage>
<colUsage columnID="99E5D8DE-23AC-503F-B930-0D5B814D5B61"/>
</indexColumnUsage>
</ind_PK_UK>
<ind_PK_UK id="70259BFC-18FC-4EF5-A3D1-9F38747CB626" name="KWATERA_CMENTARZ_FK">
<createdBy>User</createdBy>
<createdTime>2021-01-08 14:50:08 UTC</createdTime>
<ownerDesignName>BD1_Projekt</ownerDesignName>
<indexState>Foreign Key</indexState>
<isSurrogateKey>false</isSurrogateKey>
<indexColumnUsage>
<colUsage columnID="57762E4D-FC10-40D1-93D1-9CB26FBC4B0D"/>
</indexColumnUsage>
</ind_PK_UK>
<ind_PK_UK id="EB956937-127E-0CE2-B939-E8F3AAD59AAB" name="KWATERA_WLASCICIEL_KWATERY_FK">
<createdBy>User</createdBy>
<createdTime>2021-01-08 17:02:03 UTC</createdTime>
<generatorID>3D2D3817-4B73-862E-4701-5C8A97103D0D</generatorID>
<ownerDesignName>BD1_Projekt</ownerDesignName>
<indexState>Foreign Key</indexState>
<isSurrogateKey>false</isSurrogateKey>
<indexColumnUsage>
<colUsage columnID="06F5E7BC-B2CD-3CE4-2A2B-F414C35EDAE0"/>
</indexColumnUsage>
</ind_PK_UK>
</indexes>
</Table>