<?xml version = '1.0' encoding = 'UTF-8'?>
<Table class="oracle.dbtools.crest.model.design.relational.Table" directorySegmentName="seg_0" id="10CCEE99-CF03-1AF0-64B5-45AC12720C2E" name="ADRES">
<createdBy>User</createdBy>
<createdTime>2021-01-08 00:10:50 UTC</createdTime>
<generatorID>CAE9CD8D-86AE-4266-66F6-B7810EA45D2C</generatorID>
<ownerDesignName>BD1_Projekt</ownerDesignName>
<allowColumnReorder>false</allowColumnReorder>
<existDependencyGenerateInDDl>true</existDependencyGenerateInDDl>
<parsed>true</parsed>
<columns itemClass="oracle.dbtools.crest.model.design.relational.Column">
<Column name="ID_ADRESU" id="51C00FDD-3AFF-2150-4C0F-0CB60EC88EBE">
<createdBy>User</createdBy>
<createdTime>2021-01-08 00:10:50 UTC</createdTime>
<generatorID>088C8FC3-46A7-108D-23FF-0BB4359C50E1</generatorID>
<ownerDesignName>BD1_Projekt</ownerDesignName>
<useDomainConstraints>false</useDomainConstraints>
<use>1</use>
<logicalDatatype>LOGDT019</logicalDatatype>
<dataTypePrecision>4</dataTypePrecision>
<ownDataTypeParameters>,4,</ownDataTypeParameters>
<autoIncrementCycle>false</autoIncrementCycle>
</Column>
<Column name="ULICA" id="2D7EAB05-9C43-ACC1-4741-73ACD3F319AF">
<createdBy>User</createdBy>
<createdTime>2021-01-08 00:10:50 UTC</createdTime>
<generatorID>916A9A36-658C-58A9-695E-30A62881DED5</generatorID>
<ownerDesignName>BD1_Projekt</ownerDesignName>
<nullsAllowed>true</nullsAllowed>
<useDomainConstraints>false</useDomainConstraints>
<use>1</use>
<logicalDatatype>LOGDT024</logicalDatatype>
<dataTypeSize>200</dataTypeSize>
<ownDataTypeParameters>200,,</ownDataTypeParameters>
<autoIncrementCycle>false</autoIncrementCycle>
</Column>
<Column name="NUMER" id="051CB8B8-63E2-6346-F51E-099C55DA8301">
<createdBy>User</createdBy>
<createdTime>2021-01-08 00:10:50 UTC</createdTime>
<generatorID>EE43672F-89A8-8B02-82BA-F63C0FFE26D2</generatorID>
<ownerDesignName>BD1_Projekt</ownerDesignName>
<useDomainConstraints>false</useDomainConstraints>
<use>1</use>
<logicalDatatype>LOGDT024</logicalDatatype>
<dataTypeSize>6</dataTypeSize>
<ownDataTypeParameters>6,,</ownDataTypeParameters>
<autoIncrementCycle>false</autoIncrementCycle>
</Column>
<Column name="KOD_POCZTOWY" id="14843CDA-F3AA-B3B8-D403-C4A4CF80ED56">
<createdBy>User</createdBy>
<createdTime>2021-01-08 00:10:50 UTC</createdTime>
<generatorID>92A83F34-C001-DB8E-F9C4-AB09041EDD6F</generatorID>
<ownerDesignName>BD1_Projekt</ownerDesignName>
<useDomainConstraints>false</useDomainConstraints>
<use>1</use>
<logicalDatatype>LOGDT024</logicalDatatype>
<dataTypeSize>50</dataTypeSize>
<ownDataTypeParameters>50,,</ownDataTypeParameters>
<autoIncrementCycle>false</autoIncrementCycle>
</Column>
<Column name="MIEJSCOWOSC" id="DE39EC28-502E-2A46-8EEB-E02CD587713C">
<createdBy>User</createdBy>
<createdTime>2021-01-08 00:10:50 UTC</createdTime>
<generatorID>1F93CA68-257B-C548-2793-7E9443246C0A</generatorID>
<ownerDesignName>BD1_Projekt</ownerDesignName>
<useDomainConstraints>false</useDomainConstraints>
<use>1</use>
<logicalDatatype>LOGDT024</logicalDatatype>
<dataTypeSize>150</dataTypeSize>
<ownDataTypeParameters>150,,</ownDataTypeParameters>
<autoIncrementCycle>false</autoIncrementCycle>
</Column>
<Column name="ID_KRAJU" id="01548669-B21D-7A0B-9030-C997D2238B26">
<createdBy>User</createdBy>
<createdTime>2021-01-08 00:10:50 UTC</createdTime>
<generatorID>4C21433B-F093-7EDD-3CE5-B32C98296A75</generatorID>
<ownerDesignName>BD1_Projekt</ownerDesignName>
<useDomainConstraints>false</useDomainConstraints>
<use>1</use>
<logicalDatatype>LOGDT019</logicalDatatype>
<dataTypePrecision>4</dataTypePrecision>
<ownDataTypeParameters>,,</ownDataTypeParameters>
<previousColumn>false</previousColumn>
<autoIncrementCycle>false</autoIncrementCycle>
<associations>
<colAssociation fkAssociation="D36163F1-F9AF-4093-ECC2-E67947A02B86" referredColumn="4269D9AF-BA67-53BA-BFA5-80C3A691FFE0"/>
</associations>
</Column>
</columns>
<indexes itemClass="oracle.dbtools.crest.model.design.relational.Index">
<ind_PK_UK id="F4D4B3A8-5CDB-A223-0F8F-4FF7C7CC463E" name="ADRES_PK">
<createdBy>User</createdBy>
<createdTime>2021-01-08 00:10:50 UTC</createdTime>
<generatorID>0B0FD4ED-CFDA-273B-76E1-5E166682F68B</generatorID>
<ownerDesignName>BD1_Projekt</ownerDesignName>
<pk>true</pk>
<indexState>Primary Constraint</indexState>
<isSurrogateKey>false</isSurrogateKey>
<indexColumnUsage>
<colUsage columnID="01548669-B21D-7A0B-9030-C997D2238B26"/>
<colUsage columnID="51C00FDD-3AFF-2150-4C0F-0CB60EC88EBE"/>
</indexColumnUsage>
</ind_PK_UK>
<ind_PK_UK id="E98C7EE6-35B7-9BC7-CDF1-2C383798B894" name="ADRES__UN">
<createdBy>User</createdBy>
<createdTime>2021-01-08 23:05:19 UTC</createdTime>
<ownerDesignName>BD1_Projekt</ownerDesignName>
<indexState>Unique Constraint</indexState>
<isSurrogateKey>false</isSurrogateKey>
<indexColumnUsage>
<colUsage columnID="51C00FDD-3AFF-2150-4C0F-0CB60EC88EBE"/>
</indexColumnUsage>
</ind_PK_UK>
<ind_PK_UK id="DC00D25F-2492-5A8C-15CC-91A6FA7D3E84" name="ADRES__UNv1">
<createdBy>User</createdBy>
<createdTime>2021-01-13 04:23:02 UTC</createdTime>
<ownerDesignName>BD1_Projekt</ownerDesignName>
<indexState>Unique Constraint</indexState>
<isSurrogateKey>false</isSurrogateKey>
<indexColumnUsage>
<colUsage columnID="2D7EAB05-9C43-ACC1-4741-73ACD3F319AF"/>
<colUsage columnID="051CB8B8-63E2-6346-F51E-099C55DA8301"/>
<colUsage columnID="14843CDA-F3AA-B3B8-D403-C4A4CF80ED56"/>
<colUsage columnID="DE39EC28-502E-2A46-8EEB-E02CD587713C"/>
<colUsage columnID="01548669-B21D-7A0B-9030-C997D2238B26"/>
</indexColumnUsage>
</ind_PK_UK>
<ind_PK_UK id="B38C514E-18E0-6A11-A378-69AAE58DDF95" name="ADRES_KRAJ_FK">
<createdBy>User</createdBy>
<createdTime>2021-01-08 00:10:50 UTC</createdTime>
<generatorID>095F9D41-23BA-1D9A-8532-C9F5F5F3D3D0</generatorID>
<ownerDesignName>BD1_Projekt</ownerDesignName>
<indexState>Foreign Key</indexState>
<isSurrogateKey>false</isSurrogateKey>
<indexColumnUsage>
<colUsage columnID="01548669-B21D-7A0B-9030-C997D2238B26"/>
</indexColumnUsage>
</ind_PK_UK>
</indexes>
</Table>