<?xml version = '1.0' encoding = 'UTF-8'?>
<Table class="oracle.dbtools.crest.model.design.relational.Table" directorySegmentName="seg_0" id="3681E5BF-4C4F-D65A-1613-B61D81B43887" name="ZMARLY">
<createdBy>User</createdBy>
<createdTime>2021-01-08 00:10:50 UTC</createdTime>
<generatorID>81413131-3548-EE39-8568-6798B7710B52</generatorID>
<ownerDesignName>BD1_Projekt</ownerDesignName>
<allowColumnReorder>false</allowColumnReorder>
<existDependencyGenerateInDDl>true</existDependencyGenerateInDDl>
<parsed>true</parsed>
<columns itemClass="oracle.dbtools.crest.model.design.relational.Column">
<Column name="ID_ZMARLEGO" id="257F7719-3DDF-16AE-D70A-B7328686A49C">
<createdBy>User</createdBy>
<createdTime>2021-01-08 00:10:50 UTC</createdTime>
<generatorID>73D4B00B-8D7A-9F04-A62A-B4E5E502602C</generatorID>
<ownerDesignName>BD1_Projekt</ownerDesignName>
<useDomainConstraints>false</useDomainConstraints>
<use>1</use>
<logicalDatatype>LOGDT019</logicalDatatype>
<dataTypePrecision>4</dataTypePrecision>
<ownDataTypeParameters>,4,</ownDataTypeParameters>
<autoIncrementCycle>false</autoIncrementCycle>
</Column>
<Column name="IMIE" id="DD5F870C-B445-0C37-2789-9D06CC6AA83B">
<createdBy>User</createdBy>
<createdTime>2021-01-08 00:10:50 UTC</createdTime>
<generatorID>FF0161E1-5866-284F-3C47-E9A449BC0FFC</generatorID>
<ownerDesignName>BD1_Projekt</ownerDesignName>
<useDomainConstraints>false</useDomainConstraints>
<use>1</use>
<logicalDatatype>LOGDT024</logicalDatatype>
<dataTypeSize>100</dataTypeSize>
<ownDataTypeParameters>100,,</ownDataTypeParameters>
<autoIncrementCycle>false</autoIncrementCycle>
</Column>
<Column name="NAZWISKO" id="20A17500-F332-E398-F426-9F898CF8CD21">
<createdBy>User</createdBy>
<createdTime>2021-01-08 00:10:50 UTC</createdTime>
<generatorID>5357182A-C32D-DE01-45E4-2B406275BE17</generatorID>
<ownerDesignName>BD1_Projekt</ownerDesignName>
<useDomainConstraints>false</useDomainConstraints>
<use>1</use>
<logicalDatatype>LOGDT024</logicalDatatype>
<dataTypeSize>100</dataTypeSize>
<ownDataTypeParameters>100,,</ownDataTypeParameters>
<autoIncrementCycle>false</autoIncrementCycle>
</Column>
<Column name="DATA_URODZENIA" id="B5B55C4D-EFC4-9BCD-51B6-0267B22FC988">
<createdBy>User</createdBy>
<createdTime>2021-01-08 00:10:50 UTC</createdTime>
<generatorID>738CC0EF-2338-A92E-2263-817DE79C6AC4</generatorID>
<ownerDesignName>BD1_Projekt</ownerDesignName>
<useDomainConstraints>false</useDomainConstraints>
<use>1</use>
<logicalDatatype>LOGDT007</logicalDatatype>
<ownDataTypeParameters>,,</ownDataTypeParameters>
<autoIncrementCycle>false</autoIncrementCycle>
</Column>
<Column name="DATA_SMIERCI" id="96421D57-B74E-9B14-131E-7905FC3BABDB">
<createdBy>User</createdBy>
<createdTime>2021-01-08 00:10:50 UTC</createdTime>
<generatorID>5D147678-0999-4654-BD23-7C614F6B0D02</generatorID>
<ownerDesignName>BD1_Projekt</ownerDesignName>
<useDomainConstraints>false</useDomainConstraints>
<use>1</use>
<logicalDatatype>LOGDT007</logicalDatatype>
<ownDataTypeParameters>,,</ownDataTypeParameters>
<autoIncrementCycle>false</autoIncrementCycle>
</Column>
<Column name="DATA_POCHOWKU" id="0B0DEEB9-BE2B-BC50-D52C-07642D53FB21">
<createdBy>User</createdBy>
<createdTime>2021-01-08 00:10:50 UTC</createdTime>
<generatorID>EE21D62C-D438-8038-3F87-78200459EBA0</generatorID>
<ownerDesignName>BD1_Projekt</ownerDesignName>
<useDomainConstraints>false</useDomainConstraints>
<use>1</use>
<logicalDatatype>LOGDT007</logicalDatatype>
<ownDataTypeParameters>,,</ownDataTypeParameters>
<autoIncrementCycle>false</autoIncrementCycle>
</Column>
<Column name="ID_KWATERY" id="FDF8FFAC-9788-EFA2-3308-6D83838B1AD0">
<createdBy>User</createdBy>
<createdTime>2021-01-08 23:27:38 UTC</createdTime>
<ownerDesignName>BD1_Projekt</ownerDesignName>
<useDomainConstraints>false</useDomainConstraints>
<use>1</use>
<logicalDatatype>LOGDT019</logicalDatatype>
<dataTypePrecision>6</dataTypePrecision>
<ownDataTypeParameters>,,</ownDataTypeParameters>
<previousColumn>false</previousColumn>
<autoIncrementCycle>false</autoIncrementCycle>
<associations>
<colAssociation fkAssociation="0DA95A58-8BBE-6218-B515-1F4182DF733F" referredColumn="7B3F06E2-7343-4A20-39EA-CBDDFF4409DD"/>
</associations>
</Column>
</columns>
<indexes itemClass="oracle.dbtools.crest.model.design.relational.Index">
<ind_PK_UK id="064EFCED-6282-BAB2-C3CE-D99C5AD54451" name="ZMARLY_PK">
<createdBy>User</createdBy>
<createdTime>2021-01-08 00:10:50 UTC</createdTime>
<generatorID>ED94672A-D901-57C2-0698-D73A7B4FF0CD</generatorID>
<ownerDesignName>BD1_Projekt</ownerDesignName>
<pk>true</pk>
<indexState>Primary Constraint</indexState>
<isSurrogateKey>false</isSurrogateKey>
<indexColumnUsage>
<colUsage columnID="257F7719-3DDF-16AE-D70A-B7328686A49C"/>
</indexColumnUsage>
</ind_PK_UK>
<ind_PK_UK id="63D89BEE-6941-F578-69D3-2AFBC88D269E" name="ZMARLY__IDX">
<createdBy>User</createdBy>
<createdTime>2021-01-08 23:30:09 UTC</createdTime>
<ownerDesignName>BD1_Projekt</ownerDesignName>
<isSurrogateKey>false</isSurrogateKey>
<indexColumnUsage>
<colUsage columnID="FDF8FFAC-9788-EFA2-3308-6D83838B1AD0"/>
</indexColumnUsage>
</ind_PK_UK>
<ind_PK_UK id="07AA5154-0C45-7630-82F9-9B588FC3F4CC" name="ZMARLY_KWATERA_FK">
<createdBy>User</createdBy>
<createdTime>2021-01-08 14:53:06 UTC</createdTime>
<generatorID>4BB9C377-137E-F5E7-031D-A402F162196F</generatorID>
<ownerDesignName>BD1_Projekt</ownerDesignName>
<indexState>Foreign Key</indexState>
<isSurrogateKey>false</isSurrogateKey>
<indexColumnUsage>
<colUsage columnID="FDF8FFAC-9788-EFA2-3308-6D83838B1AD0"/>
</indexColumnUsage>
</ind_PK_UK>
</indexes>
<tableCheckConstraints itemClass="oracle.dbtools.crest.model.design.constraint.TableLevelConstraint">
<tableCheckConstraint name="ZMARLY_CK_1" directorySegmentName="seg_0" id="D6B690E3-529A-6B57-3098-1B53DA1BB2F4">
<createdBy>User</createdBy>
<createdTime>2021-01-09 16:04:53 UTC</createdTime>
<ownerDesignName>BD1_Projekt</ownerDesignName>
<rule><![CDATA[data_urodzenia <= data_smierci]]></rule>
</tableCheckConstraint>
<tableCheckConstraint name="ZMARLY_CK_2" directorySegmentName="seg_0" id="C7E0688D-E6C0-4DA0-2A25-48893B1BDCF4">
<createdBy>User</createdBy>
<createdTime>2021-01-09 16:05:28 UTC</createdTime>
<ownerDesignName>BD1_Projekt</ownerDesignName>
<rule><![CDATA[data_smierci <= data_pochowku]]></rule>
</tableCheckConstraint>
</tableCheckConstraints>
</Table>