<?xml version = '1.0' encoding = 'UTF-8'?>
<Table class="oracle.dbtools.crest.model.design.relational.Table" directorySegmentName="seg_0" id="3F7330F7-3E99-75C7-B900-1097087FA451" name="FIRMA">
<createdBy>User</createdBy>
<createdTime>2021-01-08 09:20:18 UTC</createdTime>
<generatorID>8FFD4784-6ADB-5316-E014-3E836083DD22</generatorID>
<ownerDesignName>BD1_Projekt</ownerDesignName>
<allowColumnReorder>false</allowColumnReorder>
<existDependencyGenerateInDDl>true</existDependencyGenerateInDDl>
<parsed>true</parsed>
<columns itemClass="oracle.dbtools.crest.model.design.relational.Column">
<Column name="ID_FIRMY" id="ACE0F0F5-0A58-A0FD-C96B-F88B97B518A1">
<createdBy>User</createdBy>
<createdTime>2021-01-08 09:20:18 UTC</createdTime>
<generatorID>9E7B4D26-2178-BC0B-6230-CE3122736145</generatorID>
<ownerDesignName>BD1_Projekt</ownerDesignName>
<useDomainConstraints>false</useDomainConstraints>
<use>1</use>
<logicalDatatype>LOGDT019</logicalDatatype>
<dataTypePrecision>4</dataTypePrecision>
<ownDataTypeParameters>,4,</ownDataTypeParameters>
<autoIncrementCycle>false</autoIncrementCycle>
</Column>
<Column name="NAZWA" id="CF765D2C-B8F2-4BDF-3FE8-D07D209C621E">
<createdBy>User</createdBy>
<createdTime>2021-01-08 09:20:18 UTC</createdTime>
<generatorID>296B499B-F77E-73E9-88DB-C85AEFBA22FB</generatorID>
<ownerDesignName>BD1_Projekt</ownerDesignName>
<useDomainConstraints>false</useDomainConstraints>
<use>1</use>
<logicalDatatype>LOGDT024</logicalDatatype>
<dataTypeSize>200</dataTypeSize>
<ownDataTypeParameters>200,,</ownDataTypeParameters>
<autoIncrementCycle>false</autoIncrementCycle>
</Column>
<Column name="NIP" id="304ED19C-DF67-D7BE-538E-EC837AA6D5C5">
<createdBy>User</createdBy>
<createdTime>2021-01-08 10:08:28 UTC</createdTime>
<generatorID>637164E1-51C0-4C49-C607-3823815131CD</generatorID>
<ownerDesignName>BD1_Projekt</ownerDesignName>
<nullsAllowed>true</nullsAllowed>
<useDomainConstraints>false</useDomainConstraints>
<use>1</use>
<logicalDatatype>LOGDT025</logicalDatatype>
<dataTypeSize>10</dataTypeSize>
<ownDataTypeParameters>10,,</ownDataTypeParameters>
<autoIncrementCycle>false</autoIncrementCycle>
</Column>
</columns>
<indexes itemClass="oracle.dbtools.crest.model.design.relational.Index">
<ind_PK_UK id="B00B2E2C-19BA-743C-BCDD-44B8CDAAB01A" name="FIRMA_PK">
<createdBy>User</createdBy>
<createdTime>2021-01-08 09:20:18 UTC</createdTime>
<generatorID>84132121-3BF2-6013-0BD9-108010FCA8FF</generatorID>
<ownerDesignName>BD1_Projekt</ownerDesignName>
<pk>true</pk>
<indexState>Primary Constraint</indexState>
<isSurrogateKey>false</isSurrogateKey>
<indexColumnUsage>
<colUsage columnID="ACE0F0F5-0A58-A0FD-C96B-F88B97B518A1"/>
</indexColumnUsage>
</ind_PK_UK>
</indexes>
</Table>