<?xml version = '1.0' encoding = 'UTF-8'?>
<Table class="oracle.dbtools.crest.model.design.relational.Table" directorySegmentName="seg_0" id="68BBFF5A-6129-7CA3-9391-DA08A6D119C0" name="WLASCICIEL_KWATERY">
<createdBy>User</createdBy>
<createdTime>2021-01-08 10:00:40 UTC</createdTime>
<generatorID>5F1EEB70-4BD1-69FB-2EC6-DAD011459A6F</generatorID>
<ownerDesignName>BD1_Projekt</ownerDesignName>
<allowColumnReorder>false</allowColumnReorder>
<existDependencyGenerateInDDl>true</existDependencyGenerateInDDl>
<parsed>true</parsed>
<columns itemClass="oracle.dbtools.crest.model.design.relational.Column">
<Column name="ID_WLASCICIELA" id="91078C05-05DE-BD7B-1F9E-78FE6F8F3234">
<createdBy>User</createdBy>
<createdTime>2021-01-08 10:00:40 UTC</createdTime>
<generatorID>531BF8A9-48E4-8E2C-C01B-6F4CA95DF61C</generatorID>
<ownerDesignName>BD1_Projekt</ownerDesignName>
<useDomainConstraints>false</useDomainConstraints>
<use>1</use>
<logicalDatatype>LOGDT019</logicalDatatype>
<dataTypePrecision>4</dataTypePrecision>
<ownDataTypeParameters>,4,</ownDataTypeParameters>
<autoIncrementCycle>false</autoIncrementCycle>
</Column>
<Column name="IMIE" id="8DF17873-2B6F-DAC2-5C47-171FF09B12B3">
<createdBy>User</createdBy>
<createdTime>2021-01-08 10:00:40 UTC</createdTime>
<generatorID>AC69016B-FC0F-CE37-59AD-54D8F60597CB</generatorID>
<ownerDesignName>BD1_Projekt</ownerDesignName>
<useDomainConstraints>false</useDomainConstraints>
<use>1</use>
<logicalDatatype>LOGDT024</logicalDatatype>
<dataTypeSize>100</dataTypeSize>
<ownDataTypeParameters>100,,</ownDataTypeParameters>
<autoIncrementCycle>false</autoIncrementCycle>
</Column>
<Column name="NAZWISKO" id="F1E77233-09CA-C0A3-FD39-903FF56EE77F">
<createdBy>User</createdBy>
<createdTime>2021-01-08 10:00:40 UTC</createdTime>
<generatorID>27EF9DD8-6782-1889-1B03-7522593C905D</generatorID>
<ownerDesignName>BD1_Projekt</ownerDesignName>
<useDomainConstraints>false</useDomainConstraints>
<use>1</use>
<logicalDatatype>LOGDT024</logicalDatatype>
<dataTypeSize>100</dataTypeSize>
<ownDataTypeParameters>100,,</ownDataTypeParameters>
<autoIncrementCycle>false</autoIncrementCycle>
</Column>
<Column name="PESEL" id="A88F470E-929D-E82C-52C7-7FF0FEBC7521">
<createdBy>User</createdBy>
<createdTime>2021-01-08 10:00:40 UTC</createdTime>
<generatorID>10D21A9F-5B95-68FC-E97B-28D91313A5E7</generatorID>
<ownerDesignName>BD1_Projekt</ownerDesignName>
<nullsAllowed>true</nullsAllowed>
<useDomainConstraints>false</useDomainConstraints>
<use>1</use>
<logicalDatatype>LOGDT025</logicalDatatype>
<dataTypeSize>11</dataTypeSize>
<ownDataTypeParameters>11,,</ownDataTypeParameters>
<autoIncrementCycle>false</autoIncrementCycle>
</Column>
</columns>
<indexes itemClass="oracle.dbtools.crest.model.design.relational.Index">
<ind_PK_UK id="441841BB-5021-22AC-4E1D-A2702F6A5C9C" name="WLASCICIEL_KWATERY_PK">
<createdBy>User</createdBy>
<createdTime>2021-01-08 10:00:40 UTC</createdTime>
<generatorID>3D2D3817-4B73-862E-4701-5C8A97103D0D</generatorID>
<ownerDesignName>BD1_Projekt</ownerDesignName>
<pk>true</pk>
<indexState>Primary Constraint</indexState>
<isSurrogateKey>false</isSurrogateKey>
<indexColumnUsage>
<colUsage columnID="91078C05-05DE-BD7B-1F9E-78FE6F8F3234"/>
</indexColumnUsage>
</ind_PK_UK>
</indexes>
</Table>