<?xml version = '1.0' encoding = 'UTF-8'?>
<Table class="oracle.dbtools.crest.model.design.relational.Table" directorySegmentName="seg_0" id="6F6656B3-9B5F-E657-12E5-F38FAFFF38B8" name="KRAJ">
<createdBy>User</createdBy>
<createdTime>2021-01-08 00:10:50 UTC</createdTime>
<generatorID>CB708635-F86D-3E42-21DC-397E0E3116D0</generatorID>
<ownerDesignName>BD1_Projekt</ownerDesignName>
<allowColumnReorder>false</allowColumnReorder>
<existDependencyGenerateInDDl>true</existDependencyGenerateInDDl>
<parsed>true</parsed>
<columns itemClass="oracle.dbtools.crest.model.design.relational.Column">
<Column name="ID_KRAJU" id="4269D9AF-BA67-53BA-BFA5-80C3A691FFE0">
<createdBy>User</createdBy>
<createdTime>2021-01-08 00:10:50 UTC</createdTime>
<generatorID>575E9246-16D5-6C61-4669-67FA61873FE9</generatorID>
<ownerDesignName>BD1_Projekt</ownerDesignName>
<useDomainConstraints>false</useDomainConstraints>
<use>1</use>
<logicalDatatype>LOGDT019</logicalDatatype>
<dataTypePrecision>4</dataTypePrecision>
<ownDataTypeParameters>,4,</ownDataTypeParameters>
<autoIncrementCycle>false</autoIncrementCycle>
</Column>
<Column name="NAZWA" id="3EA5C901-D0C1-ED62-8040-8A37D7ECB8D1">
<createdBy>User</createdBy>
<createdTime>2021-01-08 00:10:50 UTC</createdTime>
<generatorID>466178D9-5A74-C802-7765-0D8714915302</generatorID>
<ownerDesignName>BD1_Projekt</ownerDesignName>
<useDomainConstraints>false</useDomainConstraints>
<use>1</use>
<logicalDatatype>LOGDT024</logicalDatatype>
<dataTypeSize>200</dataTypeSize>
<ownDataTypeParameters>200,,</ownDataTypeParameters>
<autoIncrementCycle>false</autoIncrementCycle>
</Column>
<Column name="ID_REGIONU" id="536CEB76-8EDB-305C-1C5F-FDA92DBDEF92">
<createdBy>User</createdBy>
<createdTime>2021-01-08 00:10:50 UTC</createdTime>
<generatorID>014CF220-0D94-28A1-4D18-83CAFF743CD8</generatorID>
<ownerDesignName>BD1_Projekt</ownerDesignName>
<useDomainConstraints>false</useDomainConstraints>
<use>1</use>
<logicalDatatype>LOGDT019</logicalDatatype>
<dataTypePrecision>4</dataTypePrecision>
<ownDataTypeParameters>,,</ownDataTypeParameters>
<previousColumn>false</previousColumn>
<autoIncrementCycle>false</autoIncrementCycle>
<associations>
<colAssociation fkAssociation="DB6CB327-FB49-3B48-3FEA-B8626702C5ED" referredColumn="6E034D15-AA31-586E-F46E-C55534F663BB"/>
</associations>
</Column>
</columns>
<indexes itemClass="oracle.dbtools.crest.model.design.relational.Index">
<ind_PK_UK id="91A62DDD-63AB-95A0-3AAF-ABB650A65533" name="KRAJ_PK">
<createdBy>User</createdBy>
<createdTime>2021-01-08 00:10:50 UTC</createdTime>
<generatorID>D86BC840-A85A-A6CE-71A8-A6AFE36F0AE9</generatorID>
<ownerDesignName>BD1_Projekt</ownerDesignName>
<pk>true</pk>
<indexState>Primary Constraint</indexState>
<isSurrogateKey>false</isSurrogateKey>
<indexColumnUsage>
<colUsage columnID="4269D9AF-BA67-53BA-BFA5-80C3A691FFE0"/>
</indexColumnUsage>
</ind_PK_UK>
<ind_PK_UK id="FB537C64-AE6A-F374-05C6-5E71C4F824F9" name="KRAJ_NAZWA_UN">
<createdBy>User</createdBy>
<createdTime>2021-01-08 11:25:37 UTC</createdTime>
<generatorID>9AC9B6E9-6B4E-F495-90AA-495F67CFE22F</generatorID>
<ownerDesignName>BD1_Projekt</ownerDesignName>
<indexState>Unique Constraint</indexState>
<isSurrogateKey>false</isSurrogateKey>
<indexColumnUsage>
<colUsage columnID="3EA5C901-D0C1-ED62-8040-8A37D7ECB8D1"/>
</indexColumnUsage>
</ind_PK_UK>
<ind_PK_UK id="8F662A94-0B3E-8672-40BB-6264051876B8" name="KRAJ__IDX">
<createdBy>User</createdBy>
<createdTime>2021-01-08 10:14:41 UTC</createdTime>
<ownerDesignName>BD1_Projekt</ownerDesignName>
<isSurrogateKey>false</isSurrogateKey>
<indexColumnUsage>
<colUsage columnID="536CEB76-8EDB-305C-1C5F-FDA92DBDEF92"/>
</indexColumnUsage>
</ind_PK_UK>
<ind_PK_UK id="E470358F-C744-53CA-E50E-032ED53E55A0" name="KRAJ_REGION_FK">
<createdBy>User</createdBy>
<createdTime>2021-01-08 00:10:50 UTC</createdTime>
<generatorID>A5755069-5156-725A-C718-08262E69F94D</generatorID>
<ownerDesignName>BD1_Projekt</ownerDesignName>
<indexState>Foreign Key</indexState>
<isSurrogateKey>false</isSurrogateKey>
<indexColumnUsage>
<colUsage columnID="536CEB76-8EDB-305C-1C5F-FDA92DBDEF92"/>
</indexColumnUsage>
</ind_PK_UK>
</indexes>
</Table>