<?xml version = '1.0' encoding = 'UTF-8'?>
<Table class="oracle.dbtools.crest.model.design.relational.Table" directorySegmentName="seg_0" id="98087F40-D5FC-0713-2AFC-FAF9E3B94182" name="TYP_CMENTARZA">
<createdBy>User</createdBy>
<createdTime>2021-01-08 00:10:50 UTC</createdTime>
<generatorID>435A6A5D-6E4B-B10D-C8B6-41E6E4EE095B</generatorID>
<ownerDesignName>BD1_Projekt</ownerDesignName>
<allowColumnReorder>false</allowColumnReorder>
<existDependencyGenerateInDDl>true</existDependencyGenerateInDDl>
<parsed>true</parsed>
<columns itemClass="oracle.dbtools.crest.model.design.relational.Column">
<Column name="ID_TYPU_CMENTARZA" id="F8FFE228-1C4B-4520-7E01-CC5CB44B46E5">
<createdBy>User</createdBy>
<createdTime>2021-01-08 00:10:50 UTC</createdTime>
<generatorID>7A9273C6-F5AB-10F4-8626-3B1149FE294A</generatorID>
<ownerDesignName>BD1_Projekt</ownerDesignName>
<useDomainConstraints>false</useDomainConstraints>
<use>1</use>
<logicalDatatype>LOGDT019</logicalDatatype>
<dataTypePrecision>4</dataTypePrecision>
<ownDataTypeParameters>,4,</ownDataTypeParameters>
<autoIncrementCycle>false</autoIncrementCycle>
</Column>
<Column name="NAZWA" id="25094E73-16BE-6619-1E97-21A6D6FFD0CE">
<createdBy>User</createdBy>
<createdTime>2021-01-08 00:10:50 UTC</createdTime>
<generatorID>9E1FC691-3C7E-DBB6-F349-36A0A3064EB0</generatorID>
<ownerDesignName>BD1_Projekt</ownerDesignName>
<useDomainConstraints>false</useDomainConstraints>
<use>1</use>
<logicalDatatype>LOGDT024</logicalDatatype>
<dataTypeSize>50</dataTypeSize>
<ownDataTypeParameters>50,,</ownDataTypeParameters>
<autoIncrementCycle>false</autoIncrementCycle>
</Column>
</columns>
<indexes itemClass="oracle.dbtools.crest.model.design.relational.Index">
<ind_PK_UK id="A4BA62D2-9BCC-B236-ECA8-494461C3C53A" name="TYP_CMENTARZA_PK">
<createdBy>User</createdBy>
<createdTime>2021-01-08 00:10:50 UTC</createdTime>
<generatorID>11E04687-0948-A6C4-DB21-50620A00A049</generatorID>
<ownerDesignName>BD1_Projekt</ownerDesignName>
<pk>true</pk>
<indexState>Primary Constraint</indexState>
<isSurrogateKey>false</isSurrogateKey>
<indexColumnUsage>
<colUsage columnID="F8FFE228-1C4B-4520-7E01-CC5CB44B46E5"/>
</indexColumnUsage>
</ind_PK_UK>
<ind_PK_UK id="6EEDB244-6B0E-BD21-5A9E-90754880063D" name="TYP_CMENTARZA_NAZWA_UN">
<createdBy>User</createdBy>
<createdTime>2021-01-08 11:25:37 UTC</createdTime>
<generatorID>0CEBDDBA-FB54-814C-7257-340D678EE5DD</generatorID>
<ownerDesignName>BD1_Projekt</ownerDesignName>
<indexState>Unique Constraint</indexState>
<isSurrogateKey>false</isSurrogateKey>
<indexColumnUsage>
<colUsage columnID="25094E73-16BE-6619-1E97-21A6D6FFD0CE"/>
</indexColumnUsage>
</ind_PK_UK>
</indexes>
</Table>