<?xml version = '1.0' encoding = 'UTF-8'?>
<Table class="oracle.dbtools.crest.model.design.relational.Table" directorySegmentName="seg_0" id="D47E8DBB-F457-763D-C7F4-191190865B1F" name="CMENTARZ">
<createdBy>User</createdBy>
<createdTime>2021-01-08 00:10:50 UTC</createdTime>
<generatorID>4DEDE22A-FDA5-039D-0425-9E7D2F697C7F</generatorID>
<ownerDesignName>BD1_Projekt</ownerDesignName>
<allowColumnReorder>false</allowColumnReorder>
<existDependencyGenerateInDDl>true</existDependencyGenerateInDDl>
<parsed>true</parsed>
<columns itemClass="oracle.dbtools.crest.model.design.relational.Column">
<Column name="ID_CMENTARZA" id="7A1E13F9-2030-4515-5082-CC34F09EBC99">
<createdBy>User</createdBy>
<createdTime>2021-01-08 00:10:50 UTC</createdTime>
<generatorID>3446DBDF-3962-6BC8-8548-62C68AB26287</generatorID>
<ownerDesignName>BD1_Projekt</ownerDesignName>
<useDomainConstraints>false</useDomainConstraints>
<use>1</use>
<logicalDatatype>LOGDT019</logicalDatatype>
<dataTypePrecision>4</dataTypePrecision>
<ownDataTypeParameters>,4,</ownDataTypeParameters>
<autoIncrementCycle>false</autoIncrementCycle>
</Column>
<Column name="NAZWA" id="75329E06-8474-E5BB-E96A-0F6FD5E026CC">
<createdBy>User</createdBy>
<createdTime>2021-01-08 11:25:37 UTC</createdTime>
<generatorID>6E6388FA-927A-E978-DA7E-ABA7CB79F150</generatorID>
<ownerDesignName>BD1_Projekt</ownerDesignName>
<nullsAllowed>true</nullsAllowed>
<useDomainConstraints>false</useDomainConstraints>
<use>1</use>
<logicalDatatype>LOGDT024</logicalDatatype>
<dataTypeSize>100</dataTypeSize>
<ownDataTypeParameters>100,,</ownDataTypeParameters>
<autoIncrementCycle>false</autoIncrementCycle>
</Column>
<Column name="GODZINA_OTWARCIA" id="6CA5C7A7-6338-05B6-7B27-2170F9918749">
<createdBy>User</createdBy>
<createdTime>2021-01-08 00:10:50 UTC</createdTime>
<generatorID>4276218D-E041-F28A-673C-29C7804C128C</generatorID>
<ownerDesignName>BD1_Projekt</ownerDesignName>
<useDomainConstraints>false</useDomainConstraints>
<use>1</use>
<logicalDatatype>LOGDT019</logicalDatatype>
<dataTypePrecision>3</dataTypePrecision>
<ownDataTypeParameters>,3,</ownDataTypeParameters>
<autoIncrementCycle>false</autoIncrementCycle>
</Column>
<Column name="GODZINA_ZAMKNIECIA" id="BA8E7D8D-E082-9E50-332E-00672BF85AED">
<createdBy>User</createdBy>
<createdTime>2021-01-08 00:10:50 UTC</createdTime>
<generatorID>E48DB858-4342-EAE1-35D8-24DBCA816AA9</generatorID>
<ownerDesignName>BD1_Projekt</ownerDesignName>
<useDomainConstraints>false</useDomainConstraints>
<use>1</use>
<logicalDatatype>LOGDT019</logicalDatatype>
<dataTypePrecision>3</dataTypePrecision>
<ownDataTypeParameters>,3,</ownDataTypeParameters>
<autoIncrementCycle>false</autoIncrementCycle>
</Column>
<Column name="ID_TYPU_CMENTARZA" id="7B4C3E72-08DF-A2CD-7B50-0A6CEBC0A725">
<createdBy>User</createdBy>
<createdTime>2021-01-08 00:10:50 UTC</createdTime>
<generatorID>D8B0C30B-696A-5BFA-51D3-471E3DFCC3EC</generatorID>
<ownerDesignName>BD1_Projekt</ownerDesignName>
<useDomainConstraints>false</useDomainConstraints>
<use>1</use>
<logicalDatatype>LOGDT019</logicalDatatype>
<dataTypePrecision>4</dataTypePrecision>
<ownDataTypeParameters>,,</ownDataTypeParameters>
<previousColumn>false</previousColumn>
<autoIncrementCycle>false</autoIncrementCycle>
<associations>
<colAssociation fkAssociation="76AC00BB-0C83-9F0A-B887-8ACA9EA36181" referredColumn="F8FFE228-1C4B-4520-7E01-CC5CB44B46E5"/>
</associations>
</Column>
<Column name="ID_ADRESU" id="9E671BEE-0D99-E9DB-ECE2-98C80C5A8B00">
<createdBy>User</createdBy>
<createdTime>2021-01-08 00:10:50 UTC</createdTime>
<generatorID>B799A655-B5DA-1FCB-479B-5F17198F458D</generatorID>
<ownerDesignName>BD1_Projekt</ownerDesignName>
<useDomainConstraints>false</useDomainConstraints>
<use>1</use>
<logicalDatatype>LOGDT019</logicalDatatype>
<dataTypePrecision>4</dataTypePrecision>
<ownDataTypeParameters>,,</ownDataTypeParameters>
<previousColumn>false</previousColumn>
<autoIncrementCycle>false</autoIncrementCycle>
<associations>
<colAssociation fkAssociation="D3311CE2-C0C1-04E9-CEED-378411AD8612" referredColumn="51C00FDD-3AFF-2150-4C0F-0CB60EC88EBE"/>
</associations>
</Column>
<Column name="ID_KRAJU" id="8202374F-4484-6EAF-3D54-711C1F8D8293">
<createdBy>User</createdBy>
<createdTime>2021-01-08 23:04:57 UTC</createdTime>
<ownerDesignName>BD1_Projekt</ownerDesignName>
<useDomainConstraints>false</useDomainConstraints>
<use>1</use>
<logicalDatatype>LOGDT019</logicalDatatype>
<dataTypePrecision>4</dataTypePrecision>
<ownDataTypeParameters>,,</ownDataTypeParameters>
<previousColumn>false</previousColumn>
<autoIncrementCycle>false</autoIncrementCycle>
<associations>
<colAssociation fkAssociation="D3311CE2-C0C1-04E9-CEED-378411AD8612" referredColumn="01548669-B21D-7A0B-9030-C997D2238B26"/>
</associations>
</Column>
<Column name="ID_KIEROWNIKA" id="C87A7CBC-1A49-6A27-FD9A-040EBEE8AB4F">
<createdBy>User</createdBy>
<createdTime>2021-01-08 00:10:50 UTC</createdTime>
<generatorID>5506CE21-37AE-2762-A5F3-5550EC9F089E</generatorID>
<ownerDesignName>BD1_Projekt</ownerDesignName>
<useDomainConstraints>false</useDomainConstraints>
<use>1</use>
<logicalDatatype>LOGDT019</logicalDatatype>
<dataTypePrecision>4</dataTypePrecision>
<ownDataTypeParameters>,,</ownDataTypeParameters>
<previousColumn>false</previousColumn>
<autoIncrementCycle>false</autoIncrementCycle>
<associations>
<colAssociation fkAssociation="BEE2E512-3666-244C-B3CF-815505958B5B" referredColumn="A98CEFAE-9901-F305-18A5-C5797800AEBD"/>
</associations>
</Column>
</columns>
<indexes itemClass="oracle.dbtools.crest.model.design.relational.Index">
<ind_PK_UK id="2D86F179-4EB5-E77E-1CDD-030D870F5D3B" name="CMENTARZ_PKv1">
<createdBy>User</createdBy>
<createdTime>2021-01-08 14:33:18 UTC</createdTime>
<ownerDesignName>BD1_Projekt</ownerDesignName>
<pk>true</pk>
<indexState>Primary Constraint</indexState>
<isSurrogateKey>false</isSurrogateKey>
<indexColumnUsage>
<colUsage columnID="7A1E13F9-2030-4515-5082-CC34F09EBC99"/>
</indexColumnUsage>
</ind_PK_UK>
<ind_PK_UK id="D3973D8C-E253-CB83-CFCA-924627059F30" name="CMENTARZ__UN">
<createdBy>User</createdBy>
<createdTime>2021-01-13 04:33:01 UTC</createdTime>
<ownerDesignName>BD1_Projekt</ownerDesignName>
<indexState>Unique Constraint</indexState>
<isSurrogateKey>false</isSurrogateKey>
<indexColumnUsage>
<colUsage columnID="8202374F-4484-6EAF-3D54-711C1F8D8293"/>
<colUsage columnID="9E671BEE-0D99-E9DB-ECE2-98C80C5A8B00"/>
</indexColumnUsage>
</ind_PK_UK>
<ind_PK_UK id="7D611218-204C-7CDD-6F92-5E75704F68FE" name="CMENTARZ__IDXv1">
<createdBy>User</createdBy>
<createdTime>2021-01-08 14:21:52 UTC</createdTime>
<ownerDesignName>BD1_Projekt</ownerDesignName>
<isSurrogateKey>false</isSurrogateKey>
<indexColumnUsage>
<colUsage columnID="C87A7CBC-1A49-6A27-FD9A-040EBEE8AB4F"/>
</indexColumnUsage>
</ind_PK_UK>
<ind_PK_UK id="F2A2373B-0012-BBBB-9E98-C066016ADA28" name="CMENTARZ__IDXv2">
<createdBy>User</createdBy>
<createdTime>2021-01-08 14:21:52 UTC</createdTime>
<ownerDesignName>BD1_Projekt</ownerDesignName>
<isSurrogateKey>false</isSurrogateKey>
<indexColumnUsage>
<colUsage columnID="7B4C3E72-08DF-A2CD-7B50-0A6CEBC0A725"/>
</indexColumnUsage>
</ind_PK_UK>
<ind_PK_UK id="C538A21A-7156-16ED-6C6A-B968DB980643" name="CMENTARZ__IDXv3v1">
<createdBy>User</createdBy>
<createdTime>2021-01-09 15:34:49 UTC</createdTime>
<ownerDesignName>BD1_Projekt</ownerDesignName>
<isSurrogateKey>false</isSurrogateKey>
<indexColumnUsage>
<colUsage columnID="8202374F-4484-6EAF-3D54-711C1F8D8293"/>
<colUsage columnID="9E671BEE-0D99-E9DB-ECE2-98C80C5A8B00"/>
</indexColumnUsage>
</ind_PK_UK>
<ind_PK_UK id="E97024CE-8A9B-625B-0B2C-3F99F63017ED" name="CMENTARZ_TYP_CMENTARZA_FK">
<createdBy>User</createdBy>
<createdTime>2021-01-08 00:10:50 UTC</createdTime>
<generatorID>4375B1E5-BB90-9763-BB43-AFB257C10C83</generatorID>
<ownerDesignName>BD1_Projekt</ownerDesignName>
<indexState>Foreign Key</indexState>
<isSurrogateKey>false</isSurrogateKey>
<indexColumnUsage>
<colUsage columnID="7B4C3E72-08DF-A2CD-7B50-0A6CEBC0A725"/>
</indexColumnUsage>
</ind_PK_UK>
<ind_PK_UK id="5EAB4B29-00D3-0B50-77E2-4D9D072368A2" name="CMENTARZ_ADRES_FK">
<createdBy>User</createdBy>
<createdTime>2021-01-08 00:10:50 UTC</createdTime>
<generatorID>B07CF1C0-8CD4-42DB-988D-1790803C1DD6</generatorID>
<ownerDesignName>BD1_Projekt</ownerDesignName>
<indexState>Foreign Key</indexState>
<isSurrogateKey>false</isSurrogateKey>
<indexColumnUsage>
<colUsage columnID="8202374F-4484-6EAF-3D54-711C1F8D8293"/>
<colUsage columnID="9E671BEE-0D99-E9DB-ECE2-98C80C5A8B00"/>
</indexColumnUsage>
</ind_PK_UK>
<ind_PK_UK id="AB63F934-0679-FEF0-AE29-5DF7E3C505E5" name="CMENTARZ_KIEROWNIK_FK">
<createdBy>User</createdBy>
<createdTime>2021-01-08 00:10:50 UTC</createdTime>
<generatorID>3352DB7B-0EF5-CCD5-E4EF-A0F8AC387D9A</generatorID>
<ownerDesignName>BD1_Projekt</ownerDesignName>
<indexState>Foreign Key</indexState>
<isSurrogateKey>false</isSurrogateKey>
<indexColumnUsage>
<colUsage columnID="C87A7CBC-1A49-6A27-FD9A-040EBEE8AB4F"/>
</indexColumnUsage>
</ind_PK_UK>
</indexes>
<tableCheckConstraints itemClass="oracle.dbtools.crest.model.design.constraint.TableLevelConstraint">
<tableCheckConstraint name="CMENTARZ_CK_1" directorySegmentName="seg_0" id="4763D9F8-0DDE-120F-86A9-43A8E65996F2">
<createdBy>User</createdBy>
<createdTime>2021-01-09 16:07:30 UTC</createdTime>
<ownerDesignName>BD1_Projekt</ownerDesignName>
<rule><![CDATA[godzina_otwarcia < godzina_zamkniecia]]></rule>
</tableCheckConstraint>
</tableCheckConstraints>
</Table>