<?xml version = '1.0' encoding = 'UTF-8'?>
<Table class="oracle.dbtools.crest.model.design.relational.Table" directorySegmentName="seg_0" id="EEF88047-BB55-5149-4792-A757A939EEC4" name="HISTORYCZNY_ZAKUP_KWATERY">
<createdBy>User</createdBy>
<createdTime>2021-01-08 00:10:50 UTC</createdTime>
<generatorID>67C49144-138D-656F-B20B-45C2D0340515</generatorID>
<ownerDesignName>BD1_Projekt</ownerDesignName>
<allowColumnReorder>false</allowColumnReorder>
<existDependencyGenerateInDDl>true</existDependencyGenerateInDDl>
<parsed>true</parsed>
<columns itemClass="oracle.dbtools.crest.model.design.relational.Column">
<Column name="ID_ZAKUPU" id="2B8D7E15-F5CF-C86D-A728-0AE0318067F1">
<createdBy>User</createdBy>
<createdTime>2021-01-08 11:25:37 UTC</createdTime>
<generatorID>F27B9AE7-B4BB-2FB3-61F5-E680554B75FF</generatorID>
<ownerDesignName>BD1_Projekt</ownerDesignName>
<useDomainConstraints>false</useDomainConstraints>
<use>1</use>
<logicalDatatype>LOGDT019</logicalDatatype>
<dataTypePrecision>6</dataTypePrecision>
<ownDataTypeParameters>,6,</ownDataTypeParameters>
<autoIncrementCycle>false</autoIncrementCycle>
</Column>
<Column name="DATA_ZAKUPU" id="49B8D199-4D4E-1740-211D-732073C128D2">
<createdBy>User</createdBy>
<createdTime>2021-01-08 00:10:50 UTC</createdTime>
<generatorID>BA0C8452-53D0-AA47-B27B-CAC1DB83ED51</generatorID>
<ownerDesignName>BD1_Projekt</ownerDesignName>
<useDomainConstraints>false</useDomainConstraints>
<use>1</use>
<logicalDatatype>LOGDT007</logicalDatatype>
<ownDataTypeParameters>,,</ownDataTypeParameters>
<autoIncrementCycle>false</autoIncrementCycle>
</Column>
<Column name="DATA_ZAKONCZENIA" id="1A82FFA6-EE25-3969-B697-6D9D8DEA98BB">
<createdBy>User</createdBy>
<createdTime>2021-01-08 00:10:50 UTC</createdTime>
<generatorID>682D5D8F-24CB-D448-80C5-3B14CCDB07F2</generatorID>
<ownerDesignName>BD1_Projekt</ownerDesignName>
<useDomainConstraints>false</useDomainConstraints>
<use>1</use>
<logicalDatatype>LOGDT007</logicalDatatype>
<ownDataTypeParameters>,,</ownDataTypeParameters>
<autoIncrementCycle>false</autoIncrementCycle>
</Column>
<Column name="ID_WLASCICIELA" id="2DB96D4F-62E8-AF38-6515-ADE56279AA39">
<createdBy>User</createdBy>
<createdTime>2021-01-08 10:00:40 UTC</createdTime>
<generatorID>BD348AF1-C7CB-4531-0A47-A680AB296EC7</generatorID>
<ownerDesignName>BD1_Projekt</ownerDesignName>
<useDomainConstraints>false</useDomainConstraints>
<use>1</use>
<logicalDatatype>LOGDT019</logicalDatatype>
<dataTypePrecision>4</dataTypePrecision>
<ownDataTypeParameters>,,</ownDataTypeParameters>
<previousColumn>false</previousColumn>
<autoIncrementCycle>false</autoIncrementCycle>
<associations>
<colAssociation fkAssociation="1A135B39-F898-A5DB-B2CE-CA8D28CB2204" referredColumn="91078C05-05DE-BD7B-1F9E-78FE6F8F3234"/>
</associations>
</Column>
<Column name="ID_KWATERY" id="5A2D92C0-DBD6-4E6E-3139-8D1013CF4C9D">
<createdBy>User</createdBy>
<createdTime>2021-01-08 23:27:38 UTC</createdTime>
<ownerDesignName>BD1_Projekt</ownerDesignName>
<useDomainConstraints>false</useDomainConstraints>
<use>1</use>
<logicalDatatype>LOGDT019</logicalDatatype>
<dataTypePrecision>6</dataTypePrecision>
<ownDataTypeParameters>,,</ownDataTypeParameters>
<previousColumn>false</previousColumn>
<autoIncrementCycle>false</autoIncrementCycle>
<associations>
<colAssociation fkAssociation="4C86F232-5953-6FF3-CB92-9480D1213D98" referredColumn="7B3F06E2-7343-4A20-39EA-CBDDFF4409DD"/>
</associations>
</Column>
</columns>
<indexes itemClass="oracle.dbtools.crest.model.design.relational.Index">
<ind_PK_UK id="812D989C-50BC-963A-ECF9-900B08EF0964" name="HIST_ZAKUP_KWATERY_PKv1">
<createdBy>User</createdBy>
<createdTime>2021-01-08 14:08:29 UTC</createdTime>
<ownerDesignName>BD1_Projekt</ownerDesignName>
<pk>true</pk>
<indexState>Primary Constraint</indexState>
<isSurrogateKey>false</isSurrogateKey>
<indexColumnUsage>
<colUsage columnID="2DB96D4F-62E8-AF38-6515-ADE56279AA39"/>
<colUsage columnID="5A2D92C0-DBD6-4E6E-3139-8D1013CF4C9D"/>
<colUsage columnID="2B8D7E15-F5CF-C86D-A728-0AE0318067F1"/>
</indexColumnUsage>
</ind_PK_UK>
<ind_PK_UK id="134993EF-A603-62D0-2EBA-E6165993A4DE" name="HISTORYCZNY_ZAKUP_KWATERY__UN">
<createdBy>User</createdBy>
<createdTime>2021-01-08 23:38:35 UTC</createdTime>
<ownerDesignName>BD1_Projekt</ownerDesignName>
<indexState>Unique Constraint</indexState>
<isSurrogateKey>false</isSurrogateKey>
<indexColumnUsage>
<colUsage columnID="2B8D7E15-F5CF-C86D-A728-0AE0318067F1"/>
</indexColumnUsage>
</ind_PK_UK>
<ind_PK_UK id="1D1E2224-77D6-50F8-E55A-9395EA356858" name="HISTORYCZNY_ZAKUP_KWATERY__IDX">
<createdBy>User</createdBy>
<createdTime>2021-01-08 23:34:06 UTC</createdTime>
<ownerDesignName>BD1_Projekt</ownerDesignName>
<isSurrogateKey>false</isSurrogateKey>
<indexColumnUsage>
<colUsage columnID="5A2D92C0-DBD6-4E6E-3139-8D1013CF4C9D"/>
</indexColumnUsage>
</ind_PK_UK>
<ind_PK_UK id="BEE673BF-DBE1-2047-E91D-18EC95FDDA43" name="HIST_ZAK_KWA_KWATERA_FK">
<createdBy>User</createdBy>
<createdTime>2021-01-08 09:20:18 UTC</createdTime>
<generatorID>258878A6-D861-EB38-E1D1-4A4BB18DF088</generatorID>
<ownerDesignName>BD1_Projekt</ownerDesignName>
<indexState>Foreign Key</indexState>
<isSurrogateKey>false</isSurrogateKey>
<indexColumnUsage>
<colUsage columnID="5A2D92C0-DBD6-4E6E-3139-8D1013CF4C9D"/>
</indexColumnUsage>
</ind_PK_UK>
<ind_PK_UK id="1A50A508-B450-2A8E-B7E2-DC6033B483FB" name="HIST_ZAK_KWA_WLASC_KWA_FK">
<createdBy>User</createdBy>
<createdTime>2021-01-08 10:00:40 UTC</createdTime>
<generatorID>5F8043F5-DEAC-BDCA-86C9-FADE0FDCEE70</generatorID>
<ownerDesignName>BD1_Projekt</ownerDesignName>
<indexState>Foreign Key</indexState>
<isSurrogateKey>false</isSurrogateKey>
<indexColumnUsage>
<colUsage columnID="2DB96D4F-62E8-AF38-6515-ADE56279AA39"/>
</indexColumnUsage>
</ind_PK_UK>
</indexes>
<tableCheckConstraints itemClass="oracle.dbtools.crest.model.design.constraint.TableLevelConstraint">
<tableCheckConstraint name="HISTORYCZNY_ZAKUP_KWATERY_CK_1" directorySegmentName="seg_0" id="5F908AE3-DF36-BFFB-0A28-F09CDF71D767">
<createdBy>User</createdBy>
<createdTime>2021-01-09 16:07:00 UTC</createdTime>
<ownerDesignName>BD1_Projekt</ownerDesignName>
<rule><![CDATA[data_zakupu < data_zakonczenia]]></rule>
</tableCheckConstraint>
</tableCheckConstraints>
</Table>