<?xml version = '1.0' encoding = 'UTF-8'?>
<Table class="oracle.dbtools.crest.model.design.relational.Table" directorySegmentName="seg_0" id="F7CFB432-F8D3-58DD-A2BF-DD362FFF56FE" name="INWESTYCJA">
<createdBy>User</createdBy>
<createdTime>2021-01-08 09:20:18 UTC</createdTime>
<generatorID>B474331D-081A-E71D-303A-64D0E17209DA</generatorID>
<ownerDesignName>BD1_Projekt</ownerDesignName>
<allowColumnReorder>false</allowColumnReorder>
<existDependencyGenerateInDDl>true</existDependencyGenerateInDDl>
<parsed>true</parsed>
<columns itemClass="oracle.dbtools.crest.model.design.relational.Column">
<Column name="ID_INWESTYCJI" id="744E4E3F-653B-2F3A-5106-D4D4DA5F8A58">
<createdBy>User</createdBy>
<createdTime>2021-01-08 11:25:37 UTC</createdTime>
<generatorID>890DF32B-8EEA-9293-9E11-1FA9E622F534</generatorID>
<ownerDesignName>BD1_Projekt</ownerDesignName>
<useDomainConstraints>false</useDomainConstraints>
<use>1</use>
<logicalDatatype>LOGDT019</logicalDatatype>
<dataTypePrecision>6</dataTypePrecision>
<ownDataTypeParameters>,6,</ownDataTypeParameters>
<autoIncrementCycle>false</autoIncrementCycle>
</Column>
<Column name="DATA_ROZPOCZECIA" id="D0F858EF-3D6D-6013-93DF-E82835871DF6">
<createdBy>User</createdBy>
<createdTime>2021-01-08 09:20:18 UTC</createdTime>
<generatorID>096936E9-185B-9816-17D8-D91A295DB3C8</generatorID>
<ownerDesignName>BD1_Projekt</ownerDesignName>
<useDomainConstraints>false</useDomainConstraints>
<use>1</use>
<logicalDatatype>LOGDT007</logicalDatatype>
<ownDataTypeParameters>,,</ownDataTypeParameters>
<autoIncrementCycle>false</autoIncrementCycle>
</Column>
<Column name="DATA_ZAKONCZENIA" id="1FCC253B-939F-EDCB-9263-82ECA5CCEC84">
<createdBy>User</createdBy>
<createdTime>2021-01-08 09:20:18 UTC</createdTime>
<generatorID>59522E40-9432-BECB-60DA-535D88B35824</generatorID>
<ownerDesignName>BD1_Projekt</ownerDesignName>
<nullsAllowed>true</nullsAllowed>
<useDomainConstraints>false</useDomainConstraints>
<use>1</use>
<logicalDatatype>LOGDT007</logicalDatatype>
<ownDataTypeParameters>,,</ownDataTypeParameters>
<autoIncrementCycle>false</autoIncrementCycle>
</Column>
<Column name="KWOTA" id="82D48F95-9010-A7F5-51D7-8E03FBB249D0">
<createdBy>User</createdBy>
<createdTime>2021-01-08 09:20:18 UTC</createdTime>
<generatorID>9FBD01D9-176E-6224-CCCC-465F37969049</generatorID>
<ownerDesignName>BD1_Projekt</ownerDesignName>
<nullsAllowed>true</nullsAllowed>
<useDomainConstraints>false</useDomainConstraints>
<use>1</use>
<logicalDatatype>LOGDT019</logicalDatatype>
<dataTypePrecision>11</dataTypePrecision>
<dataTypeScale>2</dataTypeScale>
<ownDataTypeParameters>,11,2</ownDataTypeParameters>
<autoIncrementCycle>false</autoIncrementCycle>
</Column>
<Column name="OPIS" id="5D054866-62F7-1085-2FF6-E49E8DF0849D">
<createdBy>User</createdBy>
<createdTime>2021-01-08 09:20:18 UTC</createdTime>
<generatorID>3D94897A-3516-9F85-320F-AA1860D25717</generatorID>
<ownerDesignName>BD1_Projekt</ownerDesignName>
<nullsAllowed>true</nullsAllowed>
<useDomainConstraints>false</useDomainConstraints>
<use>1</use>
<logicalDatatype>LOGDT024</logicalDatatype>
<dataTypeSize>2000</dataTypeSize>
<ownDataTypeParameters>2000,,</ownDataTypeParameters>
<autoIncrementCycle>false</autoIncrementCycle>
</Column>
<Column name="ID_CMENTARZA" id="E9D0E4F2-B181-F0CE-6807-C7708E76483C">
<createdBy>User</createdBy>
<createdTime>2021-01-13 02:30:33 UTC</createdTime>
<ownerDesignName>BD1_Projekt</ownerDesignName>
<useDomainConstraints>false</useDomainConstraints>
<use>1</use>
<logicalDatatype>LOGDT019</logicalDatatype>
<dataTypePrecision>4</dataTypePrecision>
<ownDataTypeParameters>,,</ownDataTypeParameters>
<previousColumn>false</previousColumn>
<autoIncrementCycle>false</autoIncrementCycle>
<associations>
<colAssociation fkAssociation="FF1601EA-582B-010A-BC63-D3ABE5D5A397" referredColumn="7A1E13F9-2030-4515-5082-CC34F09EBC99"/>
</associations>
</Column>
<Column name="ID_FIRMY" id="FCFE78B2-E95F-3455-0932-8FC875524E8E">
<createdBy>User</createdBy>
<createdTime>2021-01-08 09:20:18 UTC</createdTime>
<generatorID>A768C60E-7715-2C5A-42C9-BB2F651713A5</generatorID>
<ownerDesignName>BD1_Projekt</ownerDesignName>
<useDomainConstraints>false</useDomainConstraints>
<use>1</use>
<logicalDatatype>LOGDT019</logicalDatatype>
<dataTypePrecision>4</dataTypePrecision>
<ownDataTypeParameters>,,</ownDataTypeParameters>
<previousColumn>false</previousColumn>
<autoIncrementCycle>false</autoIncrementCycle>
<associations>
<colAssociation fkAssociation="9E7AFB67-7764-F8DD-9E46-2AE8D05445CD" referredColumn="ACE0F0F5-0A58-A0FD-C96B-F88B97B518A1"/>
</associations>
</Column>
</columns>
<indexes itemClass="oracle.dbtools.crest.model.design.relational.Index">
<ind_PK_UK id="A8CD0F38-46A5-EB0C-D3A6-26E0BA5C4C3C" name="INWESTYCJA_PK">
<createdBy>User</createdBy>
<createdTime>2021-01-08 09:20:18 UTC</createdTime>
<generatorID>EB114B5B-4DB3-58B8-C9EF-3E78B790416D</generatorID>
<ownerDesignName>BD1_Projekt</ownerDesignName>
<pk>true</pk>
<indexState>Primary Constraint</indexState>
<isSurrogateKey>false</isSurrogateKey>
<indexColumnUsage>
<colUsage columnID="E9D0E4F2-B181-F0CE-6807-C7708E76483C"/>
<colUsage columnID="FCFE78B2-E95F-3455-0932-8FC875524E8E"/>
<colUsage columnID="744E4E3F-653B-2F3A-5106-D4D4DA5F8A58"/>
</indexColumnUsage>
</ind_PK_UK>
<ind_PK_UK id="2C90EAD1-B7B3-1C81-47EC-ED4DD35E5A84" name="INWESTYCJA__UN">
<createdBy>User</createdBy>
<createdTime>2021-01-08 23:02:45 UTC</createdTime>
<ownerDesignName>BD1_Projekt</ownerDesignName>
<indexState>Unique Constraint</indexState>
<isSurrogateKey>false</isSurrogateKey>
<indexColumnUsage>
<colUsage columnID="744E4E3F-653B-2F3A-5106-D4D4DA5F8A58"/>
</indexColumnUsage>
</ind_PK_UK>
<ind_PK_UK id="E5B19B75-3175-833D-2519-C98A4855D7BF" name="INWESTYCJA__IDX">
<createdBy>User</createdBy>
<createdTime>2021-01-08 13:32:03 UTC</createdTime>
<ownerDesignName>BD1_Projekt</ownerDesignName>
<isSurrogateKey>false</isSurrogateKey>
<indexColumnUsage>
<colUsage columnID="FCFE78B2-E95F-3455-0932-8FC875524E8E"/>
</indexColumnUsage>
</ind_PK_UK>
<ind_PK_UK id="7B0A13F3-B29A-8D9A-F60F-683DF97FD699" name="INWESTYCJA_FIRMA_FK">
<createdBy>User</createdBy>
<createdTime>2021-01-08 09:20:18 UTC</createdTime>
<generatorID>EE964DE2-B414-0468-5FAB-FDDFB08DDB9A</generatorID>
<ownerDesignName>BD1_Projekt</ownerDesignName>
<indexState>Foreign Key</indexState>
<isSurrogateKey>false</isSurrogateKey>
<indexColumnUsage>
<colUsage columnID="FCFE78B2-E95F-3455-0932-8FC875524E8E"/>
</indexColumnUsage>
</ind_PK_UK>
<ind_PK_UK id="36D3E944-DA4C-6D92-5084-05449FD56190" name="INWESTYCJA_CMENTARZ_FK">
<createdBy>User</createdBy>
<createdTime>2021-01-13 02:30:33 UTC</createdTime>
<ownerDesignName>BD1_Projekt</ownerDesignName>
<indexState>Foreign Key</indexState>
<isSurrogateKey>false</isSurrogateKey>
<indexColumnUsage>
<colUsage columnID="E9D0E4F2-B181-F0CE-6807-C7708E76483C"/>
</indexColumnUsage>
</ind_PK_UK>
</indexes>
</Table>