<?xml version = '1.0' encoding = 'UTF-8'?>
<Relation class="oracle.dbtools.crest.model.design.logical.Relation" name="Relation_5" directorySegmentName="seg_0" id="095F9D41-23BA-1D9A-8532-C9F5F5F3D3D0">
<createdBy>User</createdBy>
<createdTime>2021-01-07 23:41:06 UTC</createdTime>
<ownerDesignName>BD1_Projekt</ownerDesignName>
<engineerTo>
<item key="9F57A7A6-2A72-A58D-D370-13E07FAE5176" value="true"/>
</engineerTo>
<targetTransferable>false</targetTransferable>
<sourcePk>D86BC840-A85A-A6CE-71A8-A6AFE36F0AE9</sourcePk>
<identifying>true</identifying>
<nameOnSource>może posiadac</nameOnSource>
<nameOnTarget>dotyczy</nameOnTarget>
<optionalSource>true</optionalSource>
<optionalTarget>false</optionalTarget>
<sourceCardinality>1</sourceCardinality>
<sourceEntity>CB708635-F86D-3E42-21DC-397E0E3116D0</sourceEntity>
<targetCardinalityString>*</targetCardinalityString>
<targetEntity>CAE9CD8D-86AE-4266-66F6-B7810EA45D2C</targetEntity>
<transferable>true</transferable>
<deleteRule>NO ACTION</deleteRule>
</Relation>