<?xml version = '1.0' encoding = 'UTF-8'?>
<Relation class="oracle.dbtools.crest.model.design.logical.Relation" name="Relation_13" directorySegmentName="seg_0" id="258878A6-D861-EB38-E1D1-4A4BB18DF088">
<createdBy>User</createdBy>
<createdTime>2021-01-08 00:36:03 UTC</createdTime>
<ownerDesignName>BD1_Projekt</ownerDesignName>
<engineerTo>
<item key="9F57A7A6-2A72-A58D-D370-13E07FAE5176" value="true"/>
</engineerTo>
<targetTransferable>false</targetTransferable>
<sourcePk>4BB9C377-137E-F5E7-031D-A402F162196F</sourcePk>
<identifying>true</identifying>
<nameOnSource>moze posiadac</nameOnSource>
<nameOnTarget>dotyczy</nameOnTarget>
<optionalSource>true</optionalSource>
<optionalTarget>false</optionalTarget>
<sourceCardinality>1</sourceCardinality>
<sourceEntity>346FE377-3922-9BF5-BB71-8F4780482CF9</sourceEntity>
<targetCardinalityString>*</targetCardinalityString>
<targetEntity>67C49144-138D-656F-B20B-45C2D0340515</targetEntity>
<transferable>true</transferable>
<deleteRule>NO ACTION</deleteRule>
</Relation>