<?xml version = '1.0' encoding = 'UTF-8'?>
<Relation class="oracle.dbtools.crest.model.design.logical.Relation" name="Relation_4" directorySegmentName="seg_0" id="3352DB7B-0EF5-CCD5-E4EF-A0F8AC387D9A">
<createdBy>User</createdBy>
<createdTime>2021-01-07 23:35:26 UTC</createdTime>
<ownerDesignName>BD1_Projekt</ownerDesignName>
<engineerTo>
<item key="9F57A7A6-2A72-A58D-D370-13E07FAE5176" value="true"/>
</engineerTo>
<sourcePk>DEBBE2D1-6F7F-3755-8A12-92346DAAC1C4</sourcePk>
<identifying>false</identifying>
<nameOnSource>moze byc kierownikiem</nameOnSource>
<nameOnTarget>posiada</nameOnTarget>
<optionalSource>true</optionalSource>
<optionalTarget>false</optionalTarget>
<sourceCardinality>1</sourceCardinality>
<sourceEntity>70525A74-125E-E55E-5B1B-C9F233250514</sourceEntity>
<targetCardinalityString>*</targetCardinalityString>
<targetEntity>4DEDE22A-FDA5-039D-0425-9E7D2F697C7F</targetEntity>
<transferable>true</transferable>
<deleteRule>NO ACTION</deleteRule>
</Relation>