<?xml version = '1.0' encoding = 'UTF-8'?>
<Relation class="oracle.dbtools.crest.model.design.logical.Relation" name="Relation_8" directorySegmentName="seg_0" id="359931B2-B353-FA16-80DB-F991EB75E68F">
<createdBy>User</createdBy>
<createdTime>2021-01-07 23:58:47 UTC</createdTime>
<ownerDesignName>BD1_Projekt</ownerDesignName>
<engineerTo>
<item key="9F57A7A6-2A72-A58D-D370-13E07FAE5176" value="true"/>
</engineerTo>
<sourcePk>4BB9C377-137E-F5E7-031D-A402F162196F</sourcePk>
<identifying>false</identifying>
<nameOnSource>moze pomiescic</nameOnSource>
<nameOnTarget>znajduje sie w </nameOnTarget>
<optionalSource>true</optionalSource>
<optionalTarget>false</optionalTarget>
<sourceCardinality>1</sourceCardinality>
<sourceEntity>346FE377-3922-9BF5-BB71-8F4780482CF9</sourceEntity>
<targetCardinalityString>*</targetCardinalityString>
<targetEntity>81413131-3548-EE39-8568-6798B7710B52</targetEntity>
<transferable>true</transferable>
<deleteRule>NO ACTION</deleteRule>
</Relation>