<?xml version = '1.0' encoding = 'UTF-8'?>
<Relation class="oracle.dbtools.crest.model.design.logical.Relation" name="Relation_20" directorySegmentName="seg_0" id="39FA6910-1893-6FBE-E9BA-B475F89C761E">
<createdBy>User</createdBy>
<createdTime>2021-01-08 16:26:51 UTC</createdTime>
<ownerDesignName>BD1_Projekt</ownerDesignName>
<engineerTo>
<item key="9F57A7A6-2A72-A58D-D370-13E07FAE5176" value="true"/>
</engineerTo>
<sourcePk>3D2D3817-4B73-862E-4701-5C8A97103D0D</sourcePk>
<identifying>false</identifying>
<nameOnSource>moze posiadac</nameOnSource>
<nameOnTarget>moze nalezec do</nameOnTarget>
<optionalSource>true</optionalSource>
<optionalTarget>true</optionalTarget>
<sourceCardinality>1</sourceCardinality>
<sourceEntity>5F1EEB70-4BD1-69FB-2EC6-DAD011459A6F</sourceEntity>
<targetCardinalityString>*</targetCardinalityString>
<targetEntity>346FE377-3922-9BF5-BB71-8F4780482CF9</targetEntity>
<transferable>true</transferable>
<deleteRule>NO ACTION</deleteRule>
</Relation>