<?xml version = '1.0' encoding = 'UTF-8'?>
<Relation class="oracle.dbtools.crest.model.design.logical.Relation" name="Relation_1" directorySegmentName="seg_0" id="4375B1E5-BB90-9763-BB43-AFB257C10C83">
<createdBy>User</createdBy>
<createdTime>2021-01-07 21:24:51 UTC</createdTime>
<ownerDesignName>BD1_Projekt</ownerDesignName>
<engineerTo>
<item key="9F57A7A6-2A72-A58D-D370-13E07FAE5176" value="true"/>
</engineerTo>
<targetTransferable>false</targetTransferable>
<sourcePk>11E04687-0948-A6C4-DB21-50620A00A049</sourcePk>
<identifying>false</identifying>
<nameOnSource>moze byc rodzajem dla</nameOnSource>
<nameOnTarget>posiada</nameOnTarget>
<optionalSource>true</optionalSource>
<optionalTarget>false</optionalTarget>
<sourceCardinality>1</sourceCardinality>
<sourceEntity>435A6A5D-6E4B-B10D-C8B6-41E6E4EE095B</sourceEntity>
<targetCardinalityString>*</targetCardinalityString>
<targetEntity>4DEDE22A-FDA5-039D-0425-9E7D2F697C7F</targetEntity>
<transferable>true</transferable>
<deleteRule>NO ACTION</deleteRule>
</Relation>