<?xml version = '1.0' encoding = 'UTF-8'?>
<Relation class="oracle.dbtools.crest.model.design.logical.Relation" name="Relation_19" directorySegmentName="seg_0" id="5F8043F5-DEAC-BDCA-86C9-FADE0FDCEE70">
<createdBy>User</createdBy>
<createdTime>2021-01-08 09:34:51 UTC</createdTime>
<ownerDesignName>BD1_Projekt</ownerDesignName>
<engineerTo>
<item key="9F57A7A6-2A72-A58D-D370-13E07FAE5176" value="true"/>
</engineerTo>
<targetTransferable>false</targetTransferable>
<sourcePk>3D2D3817-4B73-862E-4701-5C8A97103D0D</sourcePk>
<identifying>true</identifying>
<nameOnSource>moze dokonac</nameOnSource>
<nameOnTarget>dotyczy</nameOnTarget>
<optionalSource>true</optionalSource>
<optionalTarget>false</optionalTarget>
<sourceCardinality>1</sourceCardinality>
<sourceEntity>5F1EEB70-4BD1-69FB-2EC6-DAD011459A6F</sourceEntity>
<targetCardinalityString>*</targetCardinalityString>
<targetEntity>67C49144-138D-656F-B20B-45C2D0340515</targetEntity>
<transferable>true</transferable>
<deleteRule>NO ACTION</deleteRule>
</Relation>