<?xml version = '1.0' encoding = 'UTF-8'?>
<Relation class="oracle.dbtools.crest.model.design.logical.Relation" name="Relation_14" directorySegmentName="seg_0" id="708AF15B-E18A-478F-966C-AD41F620B5E7">
<createdBy>User</createdBy>
<createdTime>2021-01-08 00:50:54 UTC</createdTime>
<ownerDesignName>BD1_Projekt</ownerDesignName>
<engineerTo>
<item key="9F57A7A6-2A72-A58D-D370-13E07FAE5176" value="true"/>
</engineerTo>
<targetTransferable>false</targetTransferable>
<sourcePk>060EBCE0-5369-0899-5E8F-DCCC88CEBB38</sourcePk>
<identifying>true</identifying>
<nameOnSource>może przejsc</nameOnSource>
<nameOnTarget>dotyczy</nameOnTarget>
<optionalSource>true</optionalSource>
<optionalTarget>false</optionalTarget>
<sourceCardinality>1</sourceCardinality>
<sourceEntity>4DEDE22A-FDA5-039D-0425-9E7D2F697C7F</sourceEntity>
<targetCardinalityString>*</targetCardinalityString>
<targetEntity>B474331D-081A-E71D-303A-64D0E17209DA</targetEntity>
<transferable>true</transferable>
<deleteRule>NO ACTION</deleteRule>
</Relation>