<?xml version = '1.0' encoding = 'UTF-8'?>
<Relation class="oracle.dbtools.crest.model.design.logical.Relation" name="Relation_6" directorySegmentName="seg_0" id="A5755069-5156-725A-C718-08262E69F94D">
<createdBy>User</createdBy>
<createdTime>2021-01-07 23:51:46 UTC</createdTime>
<ownerDesignName>BD1_Projekt</ownerDesignName>
<engineerTo>
<item key="9F57A7A6-2A72-A58D-D370-13E07FAE5176" value="true"/>
</engineerTo>
<targetTransferable>false</targetTransferable>
<sourcePk>CB96BF80-D985-FC3F-73C5-3015DE734E63</sourcePk>
<identifying>false</identifying>
<nameOnSource>moze zawierac w sobie</nameOnSource>
<nameOnTarget>znajduje sie w</nameOnTarget>
<optionalSource>true</optionalSource>
<optionalTarget>false</optionalTarget>
<sourceCardinality>1</sourceCardinality>
<sourceEntity>F20B42F6-9547-78FD-97D8-4B981D2BEC54</sourceEntity>
<targetCardinalityString>*</targetCardinalityString>
<targetEntity>CB708635-F86D-3E42-21DC-397E0E3116D0</targetEntity>
<transferable>true</transferable>
<deleteRule>NO ACTION</deleteRule>
</Relation>