<?xml version = '1.0' encoding = 'UTF-8'?>
<Relation class="oracle.dbtools.crest.model.design.logical.Relation" name="Relation_3" directorySegmentName="seg_0" id="B07CF1C0-8CD4-42DB-988D-1790803C1DD6">
<createdBy>User</createdBy>
<createdTime>2021-01-07 23:27:13 UTC</createdTime>
<ownerDesignName>BD1_Projekt</ownerDesignName>
<engineerTo>
<item key="9F57A7A6-2A72-A58D-D370-13E07FAE5176" value="true"/>
</engineerTo>
<targetTransferable>false</targetTransferable>
<sourcePk>0B0FD4ED-CFDA-273B-76E1-5E166682F68B</sourcePk>
<identifying>false</identifying>
<nameOnSource>moze dotyczyc</nameOnSource>
<nameOnTarget>posiada</nameOnTarget>
<optionalSource>true</optionalSource>
<optionalTarget>false</optionalTarget>
<sourceCardinality>1</sourceCardinality>
<sourceEntity>CAE9CD8D-86AE-4266-66F6-B7810EA45D2C</sourceEntity>
<targetCardinalityString>1</targetCardinalityString>
<targetEntity>4DEDE22A-FDA5-039D-0425-9E7D2F697C7F</targetEntity>
<transferable>true</transferable>
<deleteRule>NO ACTION</deleteRule>
</Relation>