<?xml version = '1.0' encoding = 'UTF-8'?>
<Relation class="oracle.dbtools.crest.model.design.logical.Relation" name="Relation_7" directorySegmentName="seg_0" id="B44F46E2-1C4C-C10B-517C-6B24A422FE12">
<createdBy>User</createdBy>
<createdTime>2021-01-07 23:57:01 UTC</createdTime>
<ownerDesignName>BD1_Projekt</ownerDesignName>
<engineerTo>
<item key="9F57A7A6-2A72-A58D-D370-13E07FAE5176" value="true"/>
</engineerTo>
<targetTransferable>false</targetTransferable>
<sourcePk>9664E63C-C318-5BCC-2350-A72D535F7027</sourcePk>
<identifying>false</identifying>
<nameOnSource>moze byc rodzajem dla</nameOnSource>
<nameOnTarget>posiada</nameOnTarget>
<optionalSource>true</optionalSource>
<optionalTarget>false</optionalTarget>
<sourceCardinality>1</sourceCardinality>
<sourceEntity>03FA823C-4883-6979-FAF8-4A51B1918311</sourceEntity>
<targetCardinalityString>*</targetCardinalityString>
<targetEntity>346FE377-3922-9BF5-BB71-8F4780482CF9</targetEntity>
<transferable>true</transferable>
<deleteRule>NO ACTION</deleteRule>
</Relation>