<?xml version = '1.0' encoding = 'UTF-8'?>
<Relation class="oracle.dbtools.crest.model.design.logical.Relation" name="Relation_12" directorySegmentName="seg_0" id="D1424283-4FF1-F98D-C3A8-CDA1D5D0D93F">
<createdBy>User</createdBy>
<createdTime>2021-01-08 00:32:13 UTC</createdTime>
<ownerDesignName>BD1_Projekt</ownerDesignName>
<engineerTo>
<item key="9F57A7A6-2A72-A58D-D370-13E07FAE5176" value="true"/>
</engineerTo>
<targetTransferable>false</targetTransferable>
<sourcePk>060EBCE0-5369-0899-5E8F-DCCC88CEBB38</sourcePk>
<identifying>false</identifying>
<nameOnSource>moze zawierac</nameOnSource>
<nameOnTarget>znajduje sie na</nameOnTarget>
<optionalSource>true</optionalSource>
<optionalTarget>false</optionalTarget>
<sourceCardinality>1</sourceCardinality>
<sourceEntity>4DEDE22A-FDA5-039D-0425-9E7D2F697C7F</sourceEntity>
<targetCardinalityString>*</targetCardinalityString>
<targetEntity>346FE377-3922-9BF5-BB71-8F4780482CF9</targetEntity>
<transferable>true</transferable>
<deleteRule>NO ACTION</deleteRule>
</Relation>