<?xml version = '1.0' encoding = 'UTF-8'?>
<Relation class="oracle.dbtools.crest.model.design.logical.Relation" name="Relation_18" directorySegmentName="seg_0" id="EE964DE2-B414-0468-5FAB-FDDFB08DDB9A">
<createdBy>User</createdBy>
<createdTime>2021-01-08 08:55:58 UTC</createdTime>
<ownerDesignName>BD1_Projekt</ownerDesignName>
<engineerTo>
<item key="9F57A7A6-2A72-A58D-D370-13E07FAE5176" value="true"/>
</engineerTo>
<sourcePk>84132121-3BF2-6013-0BD9-108010FCA8FF</sourcePk>
<identifying>true</identifying>
<nameOnSource>może (z)realizowac</nameOnSource>
<nameOnTarget>jest (z)realizowana</nameOnTarget>
<optionalSource>true</optionalSource>
<optionalTarget>false</optionalTarget>
<sourceCardinality>1</sourceCardinality>
<sourceEntity>8FFD4784-6ADB-5316-E014-3E836083DD22</sourceEntity>
<targetCardinalityString>*</targetCardinalityString>
<targetEntity>B474331D-081A-E71D-303A-64D0E17209DA</targetEntity>
<transferable>true</transferable>
<deleteRule>NO ACTION</deleteRule>
</Relation>