<?xml version = '1.0' encoding = 'UTF-8'?>
<Entity class="oracle.dbtools.crest.model.design.logical.Entity" directorySegmentName="seg_0" id="346FE377-3922-9BF5-BB71-8F4780482CF9" name="KWATERA">
<createdBy>User</createdBy>
<createdTime>2021-01-07 20:14:16 UTC</createdTime>
<ownerDesignName>BD1_Projekt</ownerDesignName>
<engineerTo>
<item key="9F57A7A6-2A72-A58D-D370-13E07FAE5176" value="true"/>
</engineerTo>
<adequatelyNormalized>NO</adequatelyNormalized>
<expectedVolumes>0</expectedVolumes>
<fwdEngineeringStrategyName>Single Table</fwdEngineeringStrategyName>
<growthPercent>0</growthPercent>
<growthType>Year</growthType>
<maxVolumes>9999999</maxVolumes>
<minVolumes>0</minVolumes>
<normalForm>Third</normalForm>
<attributes itemClass="oracle.dbtools.crest.model.design.logical.Attribute">
<Attribute name="ID KWATERY" id="9674F9E1-B00D-BE73-06CA-0DD4E813AA05">
<createdBy>User</createdBy>
<createdTime>2021-01-08 13:46:22 UTC</createdTime>
<ownerDesignName>BD1_Projekt</ownerDesignName>
<engineerTo>
<item key="9F57A7A6-2A72-A58D-D370-13E07FAE5176" value="true"/>
</engineerTo>
<useDomainConstraints>false</useDomainConstraints>
<use>1</use>
<logicalDatatype>LOGDT019</logicalDatatype>
<dataTypePrecision>6</dataTypePrecision>
<ownDataTypeParameters>,6,</ownDataTypeParameters>
</Attribute>
<Attribute name="KOD KWATERY" id="46D3CAA0-6CFB-2E3D-A8AC-630DD985B091">
<createdBy>User</createdBy>
<createdTime>2021-01-07 20:36:08 UTC</createdTime>
<ownerDesignName>BD1_Projekt</ownerDesignName>
<engineerTo>
<item key="9F57A7A6-2A72-A58D-D370-13E07FAE5176" value="true"/>
</engineerTo>
<useDomainConstraints>false</useDomainConstraints>
<use>1</use>
<logicalDatatype>LOGDT024</logicalDatatype>
<dataTypeSize>10</dataTypeSize>
<ownDataTypeParameters>10,,</ownDataTypeParameters>
</Attribute>
<Attribute name="DATA ZAKUPU" id="092ED69E-57D4-3E4B-6764-C13452F80524">
<createdBy>User</createdBy>
<createdTime>2021-01-07 20:48:18 UTC</createdTime>
<ownerDesignName>BD1_Projekt</ownerDesignName>
<engineerTo>
<item key="9F57A7A6-2A72-A58D-D370-13E07FAE5176" value="true"/>
</engineerTo>
<nullsAllowed>true</nullsAllowed>
<useDomainConstraints>false</useDomainConstraints>
<use>1</use>
<logicalDatatype>LOGDT007</logicalDatatype>
<ownDataTypeParameters>,,</ownDataTypeParameters>
</Attribute>
<Attribute name="LICZBA LAT WAZNOSCI" id="5F6E4A83-938D-EEBF-0FB8-9D26CEA7F1E4">
<createdBy>User</createdBy>
<createdTime>2021-01-07 20:50:58 UTC</createdTime>
<ownerDesignName>BD1_Projekt</ownerDesignName>
<engineerTo>
<item key="9F57A7A6-2A72-A58D-D370-13E07FAE5176" value="true"/>
</engineerTo>
<nullsAllowed>true</nullsAllowed>
<useDomainConstraints>false</useDomainConstraints>
<use>1</use>
<logicalDatatype>LOGDT019</logicalDatatype>
<dataTypePrecision>5</dataTypePrecision>
<ownDataTypeParameters>,5,</ownDataTypeParameters>
</Attribute>
<Attribute name="ID TYPU KWATERY" id="7AF89810-EAA3-4551-EBE4-0E2535ED6916">
<createdBy>User</createdBy>
<createdTime>2021-01-07 23:57:01 UTC</createdTime>
<generatorID>B44F46E2-1C4C-C10B-517C-6B24A422FE12</generatorID>
<ownerDesignName>BD1_Projekt</ownerDesignName>
<engineerTo>
<item key="9F57A7A6-2A72-A58D-D370-13E07FAE5176" value="true"/>
</engineerTo>
<referedAttribute>D2D201B6-C538-865A-BEC2-F7835F44F378</referedAttribute>
<useDomainConstraints>false</useDomainConstraints>
<use>1</use>
<logicalDatatype>LOGDT019</logicalDatatype>
<dataTypePrecision>4</dataTypePrecision>
<ownDataTypeParameters>,4,</ownDataTypeParameters>
</Attribute>
<Attribute name="ID CMENTARZA" id="339BEC71-8C50-4800-3291-59085F9F0951">
<createdBy>User</createdBy>
<createdTime>2021-01-08 00:32:13 UTC</createdTime>
<generatorID>D1424283-4FF1-F98D-C3A8-CDA1D5D0D93F</generatorID>
<ownerDesignName>BD1_Projekt</ownerDesignName>
<engineerTo>
<item key="9F57A7A6-2A72-A58D-D370-13E07FAE5176" value="true"/>
</engineerTo>
<referedAttribute>3446DBDF-3962-6BC8-8548-62C68AB26287</referedAttribute>
<useDomainConstraints>false</useDomainConstraints>
<use>1</use>
<logicalDatatype>LOGDT019</logicalDatatype>
<dataTypePrecision>4</dataTypePrecision>
<ownDataTypeParameters>,4,</ownDataTypeParameters>
</Attribute>
<Attribute name="ID WLASCICIELA" id="13C276A4-6D9C-61FB-6399-D5ACB8AF8554">
<createdBy>User</createdBy>
<createdTime>2021-01-08 16:26:51 UTC</createdTime>
<generatorID>39FA6910-1893-6FBE-E9BA-B475F89C761E</generatorID>
<ownerDesignName>BD1_Projekt</ownerDesignName>
<engineerTo>
<item key="9F57A7A6-2A72-A58D-D370-13E07FAE5176" value="true"/>
</engineerTo>
<nullsAllowed>true</nullsAllowed>
<referedAttribute>531BF8A9-48E4-8E2C-C01B-6F4CA95DF61C</referedAttribute>
<useDomainConstraints>false</useDomainConstraints>
<use>1</use>
<logicalDatatype>LOGDT019</logicalDatatype>
<dataTypePrecision>4</dataTypePrecision>
<ownDataTypeParameters>,4,</ownDataTypeParameters>
</Attribute>
</attributes>
<identifiers itemClass="oracle.dbtools.crest.model.design.logical.CandidateKey">
<identifier id="4BB9C377-137E-F5E7-031D-A402F162196F" name="KWATERY PK">
<createdBy>User</createdBy>
<createdTime>2021-01-07 20:36:15 UTC</createdTime>
<ownerDesignName>BD1_Projekt</ownerDesignName>
<shouldEngineer>false</shouldEngineer>
<engineerTo>
<item key="9F57A7A6-2A72-A58D-D370-13E07FAE5176" value="false"/>
</engineerTo>
<pk>true</pk>
<newElementsIDs>9674F9E1-B00D-BE73-06CA-0DD4E813AA05</newElementsIDs>
<usedAttributes>
<attributeRef>9674F9E1-B00D-BE73-06CA-0DD4E813AA05</attributeRef>
</usedAttributes>
</identifier>
<identifier id="CB7C839F-DED7-68C1-44BE-F715CC14C390" name="Key_2">
<createdBy>User</createdBy>
<createdTime>2021-01-13 04:54:51 UTC</createdTime>
<ownerDesignName>BD1_Projekt</ownerDesignName>
<engineerTo>
<item key="9F57A7A6-2A72-A58D-D370-13E07FAE5176" value="true"/>
</engineerTo>
<newElementsIDs>46D3CAA0-6CFB-2E3D-A8AC-630DD985B091,D1424283-4FF1-F98D-C3A8-CDA1D5D0D93F</newElementsIDs>
<usedAttributes>
<attributeRef>46D3CAA0-6CFB-2E3D-A8AC-630DD985B091</attributeRef>
<attributeRef>339BEC71-8C50-4800-3291-59085F9F0951</attributeRef>
</usedAttributes>
</identifier>
</identifiers>
</Entity>