<?xml version = '1.0' encoding = 'UTF-8'?>
<Entity class="oracle.dbtools.crest.model.design.logical.Entity" directorySegmentName="seg_0" id="435A6A5D-6E4B-B10D-C8B6-41E6E4EE095B" name="TYP CMENTARZA">
<createdBy>User</createdBy>
<createdTime>2021-01-07 20:56:42 UTC</createdTime>
<ownerDesignName>BD1_Projekt</ownerDesignName>
<engineerTo>
<item key="9F57A7A6-2A72-A58D-D370-13E07FAE5176" value="true"/>
</engineerTo>
<adequatelyNormalized>NO</adequatelyNormalized>
<expectedVolumes>0</expectedVolumes>
<fwdEngineeringStrategyName>Single Table</fwdEngineeringStrategyName>
<growthPercent>0</growthPercent>
<growthType>Year</growthType>
<maxVolumes>9999999</maxVolumes>
<minVolumes>0</minVolumes>
<normalForm>Third</normalForm>
<attributes itemClass="oracle.dbtools.crest.model.design.logical.Attribute">
<Attribute name="ID TYPU CMENTARZA" id="7A9273C6-F5AB-10F4-8626-3B1149FE294A">
<createdBy>User</createdBy>
<createdTime>2021-01-07 20:57:02 UTC</createdTime>
<ownerDesignName>BD1_Projekt</ownerDesignName>
<engineerTo>
<item key="9F57A7A6-2A72-A58D-D370-13E07FAE5176" value="true"/>
</engineerTo>
<useDomainConstraints>false</useDomainConstraints>
<use>1</use>
<logicalDatatype>LOGDT019</logicalDatatype>
<dataTypePrecision>4</dataTypePrecision>
<ownDataTypeParameters>,4,</ownDataTypeParameters>
</Attribute>
<Attribute name="NAZWA" id="9E1FC691-3C7E-DBB6-F349-36A0A3064EB0">
<createdBy>User</createdBy>
<createdTime>2021-01-07 20:57:34 UTC</createdTime>
<ownerDesignName>BD1_Projekt</ownerDesignName>
<engineerTo>
<item key="9F57A7A6-2A72-A58D-D370-13E07FAE5176" value="true"/>
</engineerTo>
<useDomainConstraints>false</useDomainConstraints>
<use>1</use>
<logicalDatatype>LOGDT024</logicalDatatype>
<dataTypeSize>50</dataTypeSize>
<ownDataTypeParameters>50,,</ownDataTypeParameters>
</Attribute>
</attributes>
<identifiers itemClass="oracle.dbtools.crest.model.design.logical.CandidateKey">
<identifier id="11E04687-0948-A6C4-DB21-50620A00A049" name="RODZAJE CMENTARZY PK">
<createdBy>User</createdBy>
<createdTime>2021-01-07 20:57:21 UTC</createdTime>
<ownerDesignName>BD1_Projekt</ownerDesignName>
<shouldEngineer>false</shouldEngineer>
<engineerTo>
<item key="9F57A7A6-2A72-A58D-D370-13E07FAE5176" value="false"/>
</engineerTo>
<pk>true</pk>
<usedAttributes>
<attributeRef>7A9273C6-F5AB-10F4-8626-3B1149FE294A</attributeRef>
</usedAttributes>
</identifier>
<identifier id="0CEBDDBA-FB54-814C-7257-340D678EE5DD" name="Key_2">
<createdBy>User</createdBy>
<createdTime>2021-01-08 10:26:19 UTC</createdTime>
<ownerDesignName>BD1_Projekt</ownerDesignName>
<engineerTo>
<item key="9F57A7A6-2A72-A58D-D370-13E07FAE5176" value="true"/>
</engineerTo>
<newElementsIDs>9E1FC691-3C7E-DBB6-F349-36A0A3064EB0</newElementsIDs>
<usedAttributes>
<attributeRef>9E1FC691-3C7E-DBB6-F349-36A0A3064EB0</attributeRef>
</usedAttributes>
</identifier>
</identifiers>
</Entity>