<?xml version = '1.0' encoding = 'UTF-8'?>
<Entity class="oracle.dbtools.crest.model.design.logical.Entity" directorySegmentName="seg_0" id="4DEDE22A-FDA5-039D-0425-9E7D2F697C7F" name="CMENTARZ">
<createdBy>User</createdBy>
<createdTime>2021-01-07 20:11:37 UTC</createdTime>
<ownerDesignName>BD1_Projekt</ownerDesignName>
<engineerTo>
<item key="9F57A7A6-2A72-A58D-D370-13E07FAE5176" value="true"/>
</engineerTo>
<adequatelyNormalized>NO</adequatelyNormalized>
<expectedVolumes>0</expectedVolumes>
<fwdEngineeringStrategyName>Single Table</fwdEngineeringStrategyName>
<growthPercent>0</growthPercent>
<growthType>Year</growthType>
<maxVolumes>9999999</maxVolumes>
<minVolumes>0</minVolumes>
<normalForm>Third</normalForm>
<attributes itemClass="oracle.dbtools.crest.model.design.logical.Attribute">
<Attribute name="ID CMENTARZA" id="3446DBDF-3962-6BC8-8548-62C68AB26287">
<createdBy>User</createdBy>
<createdTime>2021-01-07 20:34:23 UTC</createdTime>
<ownerDesignName>BD1_Projekt</ownerDesignName>
<engineerTo>
<item key="9F57A7A6-2A72-A58D-D370-13E07FAE5176" value="true"/>
</engineerTo>
<useDomainConstraints>false</useDomainConstraints>
<use>1</use>
<logicalDatatype>LOGDT019</logicalDatatype>
<dataTypePrecision>4</dataTypePrecision>
<ownDataTypeParameters>,4,</ownDataTypeParameters>
</Attribute>
<Attribute name="NAZWA" id="6E6388FA-927A-E978-DA7E-ABA7CB79F150">
<createdBy>User</createdBy>
<createdTime>2021-01-08 10:33:39 UTC</createdTime>
<ownerDesignName>BD1_Projekt</ownerDesignName>
<engineerTo>
<item key="9F57A7A6-2A72-A58D-D370-13E07FAE5176" value="true"/>
</engineerTo>
<nullsAllowed>true</nullsAllowed>
<useDomainConstraints>false</useDomainConstraints>
<use>1</use>
<logicalDatatype>LOGDT024</logicalDatatype>
<dataTypeSize>100</dataTypeSize>
<ownDataTypeParameters>100,,</ownDataTypeParameters>
</Attribute>
<Attribute name="GODZINA OTWARCIA" id="4276218D-E041-F28A-673C-29C7804C128C">
<createdBy>User</createdBy>
<createdTime>2021-01-07 21:02:32 UTC</createdTime>
<ownerDesignName>BD1_Projekt</ownerDesignName>
<engineerTo>
<item key="9F57A7A6-2A72-A58D-D370-13E07FAE5176" value="true"/>
</engineerTo>
<useDomainConstraints>false</useDomainConstraints>
<use>1</use>
<logicalDatatype>LOGDT019</logicalDatatype>
<dataTypePrecision>3</dataTypePrecision>
<ownDataTypeParameters>,3,</ownDataTypeParameters>
</Attribute>
<Attribute name="GODZINA ZAMKNIECIA" id="E48DB858-4342-EAE1-35D8-24DBCA816AA9">
<createdBy>User</createdBy>
<createdTime>2021-01-07 21:02:50 UTC</createdTime>
<ownerDesignName>BD1_Projekt</ownerDesignName>
<engineerTo>
<item key="9F57A7A6-2A72-A58D-D370-13E07FAE5176" value="true"/>
</engineerTo>
<useDomainConstraints>false</useDomainConstraints>
<use>1</use>
<logicalDatatype>LOGDT019</logicalDatatype>
<dataTypePrecision>3</dataTypePrecision>
<ownDataTypeParameters>,3,</ownDataTypeParameters>
</Attribute>
<Attribute name="ID TYPU CMENTARZA" id="D8B0C30B-696A-5BFA-51D3-471E3DFCC3EC">
<createdBy>User</createdBy>
<createdTime>2021-01-07 21:24:51 UTC</createdTime>
<generatorID>4375B1E5-BB90-9763-BB43-AFB257C10C83</generatorID>
<ownerDesignName>BD1_Projekt</ownerDesignName>
<engineerTo>
<item key="9F57A7A6-2A72-A58D-D370-13E07FAE5176" value="true"/>
</engineerTo>
<referedAttribute>7A9273C6-F5AB-10F4-8626-3B1149FE294A</referedAttribute>
<useDomainConstraints>false</useDomainConstraints>
<use>1</use>
<logicalDatatype>LOGDT019</logicalDatatype>
<dataTypePrecision>4</dataTypePrecision>
<ownDataTypeParameters>,4,</ownDataTypeParameters>
</Attribute>
<Attribute name="ID ADRESU" id="B799A655-B5DA-1FCB-479B-5F17198F458D">
<createdBy>User</createdBy>
<createdTime>2021-01-07 23:27:13 UTC</createdTime>
<generatorID>B07CF1C0-8CD4-42DB-988D-1790803C1DD6</generatorID>
<ownerDesignName>BD1_Projekt</ownerDesignName>
<engineerTo>
<item key="9F57A7A6-2A72-A58D-D370-13E07FAE5176" value="true"/>
</engineerTo>
<referedAttribute>088C8FC3-46A7-108D-23FF-0BB4359C50E1</referedAttribute>
<useDomainConstraints>false</useDomainConstraints>
<use>1</use>
<logicalDatatype>LOGDT019</logicalDatatype>
<dataTypePrecision>4</dataTypePrecision>
<ownDataTypeParameters>,4,</ownDataTypeParameters>
</Attribute>
<Attribute name="ID KIEROWNIKA" id="5506CE21-37AE-2762-A5F3-5550EC9F089E">
<createdBy>User</createdBy>
<createdTime>2021-01-07 23:35:26 UTC</createdTime>
<generatorID>3352DB7B-0EF5-CCD5-E4EF-A0F8AC387D9A</generatorID>
<ownerDesignName>BD1_Projekt</ownerDesignName>
<engineerTo>
<item key="9F57A7A6-2A72-A58D-D370-13E07FAE5176" value="true"/>
</engineerTo>
<referedAttribute>9CDFE416-49BC-D097-7B6F-995256563D82</referedAttribute>
<useDomainConstraints>false</useDomainConstraints>
<use>1</use>
<logicalDatatype>LOGDT019</logicalDatatype>
<dataTypePrecision>4</dataTypePrecision>
<ownDataTypeParameters>,4,</ownDataTypeParameters>
</Attribute>
<Attribute name="ID KRAJU" id="3AE175C0-E4A2-21AF-6530-7ADFBAFABBAB">
<createdBy>User</createdBy>
<createdTime>2021-01-07 23:41:06 UTC</createdTime>
<generatorID>B07CF1C0-8CD4-42DB-988D-1790803C1DD6</generatorID>
<ownerDesignName>BD1_Projekt</ownerDesignName>
<engineerTo>
<item key="9F57A7A6-2A72-A58D-D370-13E07FAE5176" value="true"/>
</engineerTo>
<referedAttribute>4C21433B-F093-7EDD-3CE5-B32C98296A75</referedAttribute>
<useDomainConstraints>false</useDomainConstraints>
<use>1</use>
<logicalDatatype>LOGDT019</logicalDatatype>
<dataTypePrecision>4</dataTypePrecision>
<ownDataTypeParameters>,4,</ownDataTypeParameters>
</Attribute>
</attributes>
<identifiers itemClass="oracle.dbtools.crest.model.design.logical.CandidateKey">
<identifier id="060EBCE0-5369-0899-5E8F-DCCC88CEBB38" name="CMENTARZE PK">
<createdBy>User</createdBy>
<createdTime>2021-01-07 20:34:31 UTC</createdTime>
<ownerDesignName>BD1_Projekt</ownerDesignName>
<shouldEngineer>false</shouldEngineer>
<engineerTo>
<item key="9F57A7A6-2A72-A58D-D370-13E07FAE5176" value="false"/>
</engineerTo>
<pk>true</pk>
<usedAttributes>
<attributeRef>3446DBDF-3962-6BC8-8548-62C68AB26287</attributeRef>
</usedAttributes>
</identifier>
<identifier id="D769B990-59BD-5E8B-850E-A137BDBDFBB1" name="Key_2">
<createdBy>User</createdBy>
<createdTime>2021-01-13 04:55:20 UTC</createdTime>
<ownerDesignName>BD1_Projekt</ownerDesignName>
<engineerTo>
<item key="9F57A7A6-2A72-A58D-D370-13E07FAE5176" value="true"/>
</engineerTo>
<newElementsIDs>B07CF1C0-8CD4-42DB-988D-1790803C1DD6</newElementsIDs>
<usedAttributes>
<attributeRef>B799A655-B5DA-1FCB-479B-5F17198F458D</attributeRef>
<attributeRef>3AE175C0-E4A2-21AF-6530-7ADFBAFABBAB</attributeRef>
</usedAttributes>
</identifier>
</identifiers>
</Entity>