<?xml version = '1.0' encoding = 'UTF-8'?>
<Entity class="oracle.dbtools.crest.model.design.logical.Entity" directorySegmentName="seg_0" id="5F1EEB70-4BD1-69FB-2EC6-DAD011459A6F" name="WLASCICIEL KWATERY">
<createdBy>User</createdBy>
<createdTime>2021-01-08 09:34:20 UTC</createdTime>
<ownerDesignName>BD1_Projekt</ownerDesignName>
<engineerTo>
<item key="9F57A7A6-2A72-A58D-D370-13E07FAE5176" value="true"/>
</engineerTo>
<adequatelyNormalized>NO</adequatelyNormalized>
<expectedVolumes>0</expectedVolumes>
<fwdEngineeringStrategyName>Single Table</fwdEngineeringStrategyName>
<growthPercent>0</growthPercent>
<growthType>Year</growthType>
<maxVolumes>9999999</maxVolumes>
<minVolumes>0</minVolumes>
<normalForm>Third</normalForm>
<attributes itemClass="oracle.dbtools.crest.model.design.logical.Attribute">
<Attribute name="ID WLASCICIELA" id="531BF8A9-48E4-8E2C-C01B-6F4CA95DF61C">
<createdBy>User</createdBy>
<createdTime>2021-01-08 09:58:07 UTC</createdTime>
<ownerDesignName>BD1_Projekt</ownerDesignName>
<engineerTo>
<item key="9F57A7A6-2A72-A58D-D370-13E07FAE5176" value="true"/>
</engineerTo>
<useDomainConstraints>false</useDomainConstraints>
<use>1</use>
<logicalDatatype>LOGDT019</logicalDatatype>
<dataTypePrecision>4</dataTypePrecision>
<ownDataTypeParameters>,4,</ownDataTypeParameters>
</Attribute>
<Attribute name="IMIE" id="AC69016B-FC0F-CE37-59AD-54D8F60597CB">
<createdBy>User</createdBy>
<createdTime>2021-01-08 09:56:59 UTC</createdTime>
<ownerDesignName>BD1_Projekt</ownerDesignName>
<engineerTo>
<item key="9F57A7A6-2A72-A58D-D370-13E07FAE5176" value="true"/>
</engineerTo>
<useDomainConstraints>false</useDomainConstraints>
<use>1</use>
<logicalDatatype>LOGDT024</logicalDatatype>
<dataTypeSize>100</dataTypeSize>
<ownDataTypeParameters>100,,</ownDataTypeParameters>
</Attribute>
<Attribute name="NAZWISKO" id="27EF9DD8-6782-1889-1B03-7522593C905D">
<createdBy>User</createdBy>
<createdTime>2021-01-08 09:57:25 UTC</createdTime>
<ownerDesignName>BD1_Projekt</ownerDesignName>
<engineerTo>
<item key="9F57A7A6-2A72-A58D-D370-13E07FAE5176" value="true"/>
</engineerTo>
<useDomainConstraints>false</useDomainConstraints>
<use>1</use>
<logicalDatatype>LOGDT024</logicalDatatype>
<dataTypeSize>100</dataTypeSize>
<ownDataTypeParameters>100,,</ownDataTypeParameters>
</Attribute>
<Attribute name="PESEL" id="10D21A9F-5B95-68FC-E97B-28D91313A5E7">
<createdBy>User</createdBy>
<createdTime>2021-01-08 09:57:48 UTC</createdTime>
<ownerDesignName>BD1_Projekt</ownerDesignName>
<engineerTo>
<item key="9F57A7A6-2A72-A58D-D370-13E07FAE5176" value="true"/>
</engineerTo>
<nullsAllowed>true</nullsAllowed>
<useDomainConstraints>false</useDomainConstraints>
<use>1</use>
<logicalDatatype>LOGDT025</logicalDatatype>
<dataTypeSize>11</dataTypeSize>
<ownDataTypeParameters>11,,</ownDataTypeParameters>
</Attribute>
</attributes>
<identifiers itemClass="oracle.dbtools.crest.model.design.logical.CandidateKey">
<identifier id="3D2D3817-4B73-862E-4701-5C8A97103D0D" name="WLASCICIEL KWATERY PK">
<createdBy>User</createdBy>
<createdTime>2021-01-08 09:58:15 UTC</createdTime>
<ownerDesignName>BD1_Projekt</ownerDesignName>
<shouldEngineer>false</shouldEngineer>
<engineerTo>
<item key="9F57A7A6-2A72-A58D-D370-13E07FAE5176" value="false"/>
</engineerTo>
<pk>true</pk>
<usedAttributes>
<attributeRef>531BF8A9-48E4-8E2C-C01B-6F4CA95DF61C</attributeRef>
</usedAttributes>
</identifier>
</identifiers>
</Entity>