<?xml version = '1.0' encoding = 'UTF-8'?>
<Entity class="oracle.dbtools.crest.model.design.logical.Entity" directorySegmentName="seg_0" id="67C49144-138D-656F-B20B-45C2D0340515" name="HISTORYCZNY ZAKUP KWATERY">
<createdBy>User</createdBy>
<createdTime>2021-01-07 21:11:31 UTC</createdTime>
<ownerDesignName>BD1_Projekt</ownerDesignName>
<engineerTo>
<item key="9F57A7A6-2A72-A58D-D370-13E07FAE5176" value="true"/>
</engineerTo>
<adequatelyNormalized>NO</adequatelyNormalized>
<expectedVolumes>0</expectedVolumes>
<fwdEngineeringStrategyName>Single Table</fwdEngineeringStrategyName>
<growthPercent>0</growthPercent>
<growthType>Year</growthType>
<maxVolumes>9999999</maxVolumes>
<minVolumes>0</minVolumes>
<normalForm>Third</normalForm>
<attributes itemClass="oracle.dbtools.crest.model.design.logical.Attribute">
<Attribute name="ID ZAKUPU" id="F27B9AE7-B4BB-2FB3-61F5-E680554B75FF">
<createdBy>User</createdBy>
<createdTime>2021-01-08 10:28:48 UTC</createdTime>
<ownerDesignName>BD1_Projekt</ownerDesignName>
<engineerTo>
<item key="9F57A7A6-2A72-A58D-D370-13E07FAE5176" value="true"/>
</engineerTo>
<useDomainConstraints>false</useDomainConstraints>
<use>1</use>
<logicalDatatype>LOGDT019</logicalDatatype>
<dataTypePrecision>6</dataTypePrecision>
<ownDataTypeParameters>,6,</ownDataTypeParameters>
</Attribute>
<Attribute name="DATA ZAKUPU" id="BA0C8452-53D0-AA47-B27B-CAC1DB83ED51">
<createdBy>User</createdBy>
<createdTime>2021-01-07 21:12:10 UTC</createdTime>
<ownerDesignName>BD1_Projekt</ownerDesignName>
<engineerTo>
<item key="9F57A7A6-2A72-A58D-D370-13E07FAE5176" value="true"/>
</engineerTo>
<useDomainConstraints>false</useDomainConstraints>
<use>1</use>
<logicalDatatype>LOGDT007</logicalDatatype>
<ownDataTypeParameters>,,</ownDataTypeParameters>
</Attribute>
<Attribute name="DATA ZAKONCZENIA" id="682D5D8F-24CB-D448-80C5-3B14CCDB07F2">
<createdBy>User</createdBy>
<createdTime>2021-01-07 21:16:09 UTC</createdTime>
<ownerDesignName>BD1_Projekt</ownerDesignName>
<engineerTo>
<item key="9F57A7A6-2A72-A58D-D370-13E07FAE5176" value="true"/>
</engineerTo>
<useDomainConstraints>false</useDomainConstraints>
<use>1</use>
<logicalDatatype>LOGDT007</logicalDatatype>
<ownDataTypeParameters>,,</ownDataTypeParameters>
</Attribute>
<Attribute name="ID WLASCICIELA" id="BD348AF1-C7CB-4531-0A47-A680AB296EC7">
<createdBy>User</createdBy>
<createdTime>2021-01-08 09:58:27 UTC</createdTime>
<generatorID>5F8043F5-DEAC-BDCA-86C9-FADE0FDCEE70</generatorID>
<ownerDesignName>BD1_Projekt</ownerDesignName>
<engineerTo>
<item key="9F57A7A6-2A72-A58D-D370-13E07FAE5176" value="true"/>
</engineerTo>
<referedAttribute>531BF8A9-48E4-8E2C-C01B-6F4CA95DF61C</referedAttribute>
<useDomainConstraints>false</useDomainConstraints>
<use>1</use>
<logicalDatatype>LOGDT019</logicalDatatype>
<dataTypePrecision>4</dataTypePrecision>
<ownDataTypeParameters>,4,</ownDataTypeParameters>
</Attribute>
<Attribute name="ID KWATERY" id="1CA714CB-AD11-77EC-38C0-D3EA5AF41EE0">
<createdBy>User</createdBy>
<createdTime>2021-01-08 23:25:07 UTC</createdTime>
<generatorID>258878A6-D861-EB38-E1D1-4A4BB18DF088</generatorID>
<ownerDesignName>BD1_Projekt</ownerDesignName>
<engineerTo>
<item key="9F57A7A6-2A72-A58D-D370-13E07FAE5176" value="true"/>
</engineerTo>
<referedAttribute>9674F9E1-B00D-BE73-06CA-0DD4E813AA05</referedAttribute>
<useDomainConstraints>false</useDomainConstraints>
<use>1</use>
<logicalDatatype>LOGDT019</logicalDatatype>
<dataTypePrecision>6</dataTypePrecision>
<ownDataTypeParameters>,6,</ownDataTypeParameters>
</Attribute>
</attributes>
<identifiers itemClass="oracle.dbtools.crest.model.design.logical.CandidateKey">
<identifier id="D9BD55E9-A5A7-E099-ED52-993CFB4D0494" name="HISTORIA ZAKUPOW KWATER PK">
<createdBy>User</createdBy>
<createdTime>2021-01-08 00:08:40 UTC</createdTime>
<ownerDesignName>BD1_Projekt</ownerDesignName>
<engineerTo>
<item key="9F57A7A6-2A72-A58D-D370-13E07FAE5176" value="true"/>
</engineerTo>
<pk>true</pk>
<usedAttributes>
<attributeRef>1CA714CB-AD11-77EC-38C0-D3EA5AF41EE0</attributeRef>
<attributeRef>BD348AF1-C7CB-4531-0A47-A680AB296EC7</attributeRef>
<attributeRef>F27B9AE7-B4BB-2FB3-61F5-E680554B75FF</attributeRef>
</usedAttributes>
</identifier>
</identifiers>
</Entity>