<?xml version = '1.0' encoding = 'UTF-8'?>
<Entity class="oracle.dbtools.crest.model.design.logical.Entity" directorySegmentName="seg_0" id="81413131-3548-EE39-8568-6798B7710B52" name="ZMARLY">
<createdBy>User</createdBy>
<createdTime>2021-01-07 20:13:56 UTC</createdTime>
<ownerDesignName>BD1_Projekt</ownerDesignName>
<engineerTo>
<item key="9F57A7A6-2A72-A58D-D370-13E07FAE5176" value="true"/>
</engineerTo>
<adequatelyNormalized>NO</adequatelyNormalized>
<expectedVolumes>0</expectedVolumes>
<fwdEngineeringStrategyName>Single Table</fwdEngineeringStrategyName>
<growthPercent>0</growthPercent>
<growthType>Year</growthType>
<maxVolumes>9999999</maxVolumes>
<minVolumes>0</minVolumes>
<normalForm>Third</normalForm>
<attributes itemClass="oracle.dbtools.crest.model.design.logical.Attribute">
<Attribute name="ID ZMARLEGO" id="73D4B00B-8D7A-9F04-A62A-B4E5E502602C">
<createdBy>User</createdBy>
<createdTime>2021-01-07 20:32:59 UTC</createdTime>
<ownerDesignName>BD1_Projekt</ownerDesignName>
<engineerTo>
<item key="9F57A7A6-2A72-A58D-D370-13E07FAE5176" value="true"/>
</engineerTo>
<useDomainConstraints>false</useDomainConstraints>
<use>1</use>
<logicalDatatype>LOGDT019</logicalDatatype>
<dataTypePrecision>4</dataTypePrecision>
<ownDataTypeParameters>,4,</ownDataTypeParameters>
</Attribute>
<Attribute name="IMIE" id="FF0161E1-5866-284F-3C47-E9A449BC0FFC">
<createdBy>User</createdBy>
<createdTime>2021-01-07 20:31:00 UTC</createdTime>
<ownerDesignName>BD1_Projekt</ownerDesignName>
<engineerTo>
<item key="9F57A7A6-2A72-A58D-D370-13E07FAE5176" value="true"/>
</engineerTo>
<useDomainConstraints>false</useDomainConstraints>
<use>1</use>
<logicalDatatype>LOGDT024</logicalDatatype>
<dataTypeSize>100</dataTypeSize>
<ownDataTypeParameters>100,,</ownDataTypeParameters>
</Attribute>
<Attribute name="NAZWISKO" id="5357182A-C32D-DE01-45E4-2B406275BE17">
<createdBy>User</createdBy>
<createdTime>2021-01-07 20:31:26 UTC</createdTime>
<ownerDesignName>BD1_Projekt</ownerDesignName>
<engineerTo>
<item key="9F57A7A6-2A72-A58D-D370-13E07FAE5176" value="true"/>
</engineerTo>
<useDomainConstraints>false</useDomainConstraints>
<use>1</use>
<logicalDatatype>LOGDT024</logicalDatatype>
<dataTypeSize>100</dataTypeSize>
<ownDataTypeParameters>100,,</ownDataTypeParameters>
</Attribute>
<Attribute name="DATA URODZENIA" id="738CC0EF-2338-A92E-2263-817DE79C6AC4">
<createdBy>User</createdBy>
<createdTime>2021-01-07 20:32:30 UTC</createdTime>
<ownerDesignName>BD1_Projekt</ownerDesignName>
<engineerTo>
<item key="9F57A7A6-2A72-A58D-D370-13E07FAE5176" value="true"/>
</engineerTo>
<useDomainConstraints>false</useDomainConstraints>
<use>1</use>
<logicalDatatype>LOGDT007</logicalDatatype>
<ownDataTypeParameters>,,</ownDataTypeParameters>
</Attribute>
<Attribute name="DATA SMIERCI" id="5D147678-0999-4654-BD23-7C614F6B0D02">
<createdBy>User</createdBy>
<createdTime>2021-01-07 20:31:51 UTC</createdTime>
<ownerDesignName>BD1_Projekt</ownerDesignName>
<engineerTo>
<item key="9F57A7A6-2A72-A58D-D370-13E07FAE5176" value="true"/>
</engineerTo>
<useDomainConstraints>false</useDomainConstraints>
<use>1</use>
<logicalDatatype>LOGDT007</logicalDatatype>
<ownDataTypeParameters>,,</ownDataTypeParameters>
</Attribute>
<Attribute name="DATA POCHOWKU" id="EE21D62C-D438-8038-3F87-78200459EBA0">
<createdBy>User</createdBy>
<createdTime>2021-01-07 20:53:22 UTC</createdTime>
<ownerDesignName>BD1_Projekt</ownerDesignName>
<engineerTo>
<item key="9F57A7A6-2A72-A58D-D370-13E07FAE5176" value="true"/>
</engineerTo>
<useDomainConstraints>false</useDomainConstraints>
<use>1</use>
<logicalDatatype>LOGDT007</logicalDatatype>
<ownDataTypeParameters>,,</ownDataTypeParameters>
</Attribute>
<Attribute name="ID KWATERY" id="EDAC3529-67C6-3197-D738-0D18027580FC">
<createdBy>User</createdBy>
<createdTime>2021-01-08 23:25:07 UTC</createdTime>
<generatorID>359931B2-B353-FA16-80DB-F991EB75E68F</generatorID>
<ownerDesignName>BD1_Projekt</ownerDesignName>
<engineerTo>
<item key="9F57A7A6-2A72-A58D-D370-13E07FAE5176" value="true"/>
</engineerTo>
<referedAttribute>9674F9E1-B00D-BE73-06CA-0DD4E813AA05</referedAttribute>
<useDomainConstraints>false</useDomainConstraints>
<use>1</use>
<logicalDatatype>LOGDT019</logicalDatatype>
<dataTypePrecision>6</dataTypePrecision>
<ownDataTypeParameters>,6,</ownDataTypeParameters>
</Attribute>
</attributes>
<identifiers itemClass="oracle.dbtools.crest.model.design.logical.CandidateKey">
<identifier id="ED94672A-D901-57C2-0698-D73A7B4FF0CD" name="ZMARLI PK">
<createdBy>User</createdBy>
<createdTime>2021-01-07 20:33:19 UTC</createdTime>
<ownerDesignName>BD1_Projekt</ownerDesignName>
<shouldEngineer>false</shouldEngineer>
<engineerTo>
<item key="9F57A7A6-2A72-A58D-D370-13E07FAE5176" value="false"/>
</engineerTo>
<pk>true</pk>
<usedAttributes>
<attributeRef>73D4B00B-8D7A-9F04-A62A-B4E5E502602C</attributeRef>
</usedAttributes>
</identifier>
</identifiers>
</Entity>