<?xml version = '1.0' encoding = 'UTF-8'?>
<Entity class="oracle.dbtools.crest.model.design.logical.Entity" directorySegmentName="seg_0" id="8FFD4784-6ADB-5316-E014-3E836083DD22" name="FIRMA">
<createdBy>User</createdBy>
<createdTime>2021-01-08 08:55:04 UTC</createdTime>
<ownerDesignName>BD1_Projekt</ownerDesignName>
<engineerTo>
<item key="9F57A7A6-2A72-A58D-D370-13E07FAE5176" value="true"/>
</engineerTo>
<adequatelyNormalized>NO</adequatelyNormalized>
<expectedVolumes>0</expectedVolumes>
<fwdEngineeringStrategyName>Single Table</fwdEngineeringStrategyName>
<growthPercent>0</growthPercent>
<growthType>Year</growthType>
<maxVolumes>9999999</maxVolumes>
<minVolumes>0</minVolumes>
<normalForm>Third</normalForm>
<attributes itemClass="oracle.dbtools.crest.model.design.logical.Attribute">
<Attribute name="ID FIRMY" id="9E7B4D26-2178-BC0B-6230-CE3122736145">
<createdBy>User</createdBy>
<createdTime>2021-01-08 08:55:11 UTC</createdTime>
<ownerDesignName>BD1_Projekt</ownerDesignName>
<engineerTo>
<item key="9F57A7A6-2A72-A58D-D370-13E07FAE5176" value="true"/>
</engineerTo>
<useDomainConstraints>false</useDomainConstraints>
<use>1</use>
<logicalDatatype>LOGDT019</logicalDatatype>
<dataTypePrecision>4</dataTypePrecision>
<ownDataTypeParameters>,4,</ownDataTypeParameters>
</Attribute>
<Attribute name="NAZWA" id="296B499B-F77E-73E9-88DB-C85AEFBA22FB">
<createdBy>User</createdBy>
<createdTime>2021-01-08 08:55:32 UTC</createdTime>
<ownerDesignName>BD1_Projekt</ownerDesignName>
<engineerTo>
<item key="9F57A7A6-2A72-A58D-D370-13E07FAE5176" value="true"/>
</engineerTo>
<useDomainConstraints>false</useDomainConstraints>
<use>1</use>
<logicalDatatype>LOGDT024</logicalDatatype>
<dataTypeSize>200</dataTypeSize>
<ownDataTypeParameters>200,,</ownDataTypeParameters>
</Attribute>
<Attribute name="NIP" id="637164E1-51C0-4C49-C607-3823815131CD">
<createdBy>User</createdBy>
<createdTime>2021-01-08 10:03:18 UTC</createdTime>
<ownerDesignName>BD1_Projekt</ownerDesignName>
<engineerTo>
<item key="9F57A7A6-2A72-A58D-D370-13E07FAE5176" value="true"/>
</engineerTo>
<nullsAllowed>true</nullsAllowed>
<useDomainConstraints>false</useDomainConstraints>
<use>1</use>
<logicalDatatype>LOGDT025</logicalDatatype>
<dataTypeSize>10</dataTypeSize>
<ownDataTypeParameters>10,,</ownDataTypeParameters>
</Attribute>
</attributes>
<identifiers itemClass="oracle.dbtools.crest.model.design.logical.CandidateKey">
<identifier id="84132121-3BF2-6013-0BD9-108010FCA8FF" name="FIRMA PK">
<createdBy>User</createdBy>
<createdTime>2021-01-08 08:55:17 UTC</createdTime>
<ownerDesignName>BD1_Projekt</ownerDesignName>
<shouldEngineer>false</shouldEngineer>
<engineerTo>
<item key="9F57A7A6-2A72-A58D-D370-13E07FAE5176" value="false"/>
</engineerTo>
<pk>true</pk>
<usedAttributes>
<attributeRef>9E7B4D26-2178-BC0B-6230-CE3122736145</attributeRef>
</usedAttributes>
</identifier>
</identifiers>
</Entity>