<?xml version = '1.0' encoding = 'UTF-8'?>
<Entity class="oracle.dbtools.crest.model.design.logical.Entity" directorySegmentName="seg_0" id="B474331D-081A-E71D-303A-64D0E17209DA" name="INWESTYCJA">
<createdBy>User</createdBy>
<createdTime>2021-01-08 00:46:49 UTC</createdTime>
<ownerDesignName>BD1_Projekt</ownerDesignName>
<engineerTo>
<item key="9F57A7A6-2A72-A58D-D370-13E07FAE5176" value="true"/>
</engineerTo>
<adequatelyNormalized>NO</adequatelyNormalized>
<expectedVolumes>0</expectedVolumes>
<fwdEngineeringStrategyName>Single Table</fwdEngineeringStrategyName>
<growthPercent>0</growthPercent>
<growthType>Year</growthType>
<maxVolumes>9999999</maxVolumes>
<minVolumes>0</minVolumes>
<normalForm>Third</normalForm>
<attributes itemClass="oracle.dbtools.crest.model.design.logical.Attribute">
<Attribute name="ID INWESTYCJI" id="890DF32B-8EEA-9293-9E11-1FA9E622F534">
<createdBy>User</createdBy>
<createdTime>2021-01-08 10:31:23 UTC</createdTime>
<ownerDesignName>BD1_Projekt</ownerDesignName>
<engineerTo>
<item key="9F57A7A6-2A72-A58D-D370-13E07FAE5176" value="true"/>
</engineerTo>
<useDomainConstraints>false</useDomainConstraints>
<use>1</use>
<logicalDatatype>LOGDT019</logicalDatatype>
<dataTypePrecision>6</dataTypePrecision>
<ownDataTypeParameters>,6,</ownDataTypeParameters>
</Attribute>
<Attribute name="DATA ROZPOCZECIA" id="096936E9-185B-9816-17D8-D91A295DB3C8">
<createdBy>User</createdBy>
<createdTime>2021-01-08 00:48:27 UTC</createdTime>
<ownerDesignName>BD1_Projekt</ownerDesignName>
<engineerTo>
<item key="9F57A7A6-2A72-A58D-D370-13E07FAE5176" value="true"/>
</engineerTo>
<useDomainConstraints>false</useDomainConstraints>
<use>1</use>
<logicalDatatype>LOGDT007</logicalDatatype>
<ownDataTypeParameters>,,</ownDataTypeParameters>
</Attribute>
<Attribute name="DATA ZAKONCZENIA" id="59522E40-9432-BECB-60DA-535D88B35824">
<createdBy>User</createdBy>
<createdTime>2021-01-08 00:48:58 UTC</createdTime>
<ownerDesignName>BD1_Projekt</ownerDesignName>
<engineerTo>
<item key="9F57A7A6-2A72-A58D-D370-13E07FAE5176" value="true"/>
</engineerTo>
<nullsAllowed>true</nullsAllowed>
<useDomainConstraints>false</useDomainConstraints>
<use>1</use>
<logicalDatatype>LOGDT007</logicalDatatype>
<ownDataTypeParameters>,,</ownDataTypeParameters>
</Attribute>
<Attribute name="KWOTA" id="9FBD01D9-176E-6224-CCCC-465F37969049">
<createdBy>User</createdBy>
<createdTime>2021-01-08 00:49:43 UTC</createdTime>
<ownerDesignName>BD1_Projekt</ownerDesignName>
<engineerTo>
<item key="9F57A7A6-2A72-A58D-D370-13E07FAE5176" value="true"/>
</engineerTo>
<nullsAllowed>true</nullsAllowed>
<useDomainConstraints>false</useDomainConstraints>
<use>1</use>
<logicalDatatype>LOGDT019</logicalDatatype>
<dataTypePrecision>11</dataTypePrecision>
<dataTypeScale>2</dataTypeScale>
<ownDataTypeParameters>,11,2</ownDataTypeParameters>
</Attribute>
<Attribute name="OPIS" id="3D94897A-3516-9F85-320F-AA1860D25717">
<createdBy>User</createdBy>
<createdTime>2021-01-08 00:47:33 UTC</createdTime>
<ownerDesignName>BD1_Projekt</ownerDesignName>
<engineerTo>
<item key="9F57A7A6-2A72-A58D-D370-13E07FAE5176" value="true"/>
</engineerTo>
<nullsAllowed>true</nullsAllowed>
<useDomainConstraints>false</useDomainConstraints>
<use>1</use>
<logicalDatatype>LOGDT024</logicalDatatype>
<dataTypeSize>2000</dataTypeSize>
<ownDataTypeParameters>2000,,</ownDataTypeParameters>
</Attribute>
<Attribute name="ID CMENTARZA" id="0ED4C7D1-556F-0A9D-793E-BA8227EB5E55">
<createdBy>User</createdBy>
<createdTime>2021-01-08 00:50:54 UTC</createdTime>
<generatorID>708AF15B-E18A-478F-966C-AD41F620B5E7</generatorID>
<ownerDesignName>BD1_Projekt</ownerDesignName>
<engineerTo>
<item key="9F57A7A6-2A72-A58D-D370-13E07FAE5176" value="true"/>
</engineerTo>
<referedAttribute>3446DBDF-3962-6BC8-8548-62C68AB26287</referedAttribute>
<useDomainConstraints>false</useDomainConstraints>
<use>1</use>
<logicalDatatype>LOGDT019</logicalDatatype>
<dataTypePrecision>4</dataTypePrecision>
<ownDataTypeParameters>,4,</ownDataTypeParameters>
</Attribute>
<Attribute name="ID FIRMY" id="A768C60E-7715-2C5A-42C9-BB2F651713A5">
<createdBy>User</createdBy>
<createdTime>2021-01-08 08:55:58 UTC</createdTime>
<generatorID>EE964DE2-B414-0468-5FAB-FDDFB08DDB9A</generatorID>
<ownerDesignName>BD1_Projekt</ownerDesignName>
<engineerTo>
<item key="9F57A7A6-2A72-A58D-D370-13E07FAE5176" value="true"/>
</engineerTo>
<referedAttribute>9E7B4D26-2178-BC0B-6230-CE3122736145</referedAttribute>
<useDomainConstraints>false</useDomainConstraints>
<use>1</use>
<logicalDatatype>LOGDT019</logicalDatatype>
<dataTypePrecision>4</dataTypePrecision>
<ownDataTypeParameters>,4,</ownDataTypeParameters>
</Attribute>
</attributes>
<identifiers itemClass="oracle.dbtools.crest.model.design.logical.CandidateKey">
<identifier id="EB114B5B-4DB3-58B8-C9EF-3E78B790416D" name="INWESTYCJA PK">
<createdBy>User</createdBy>
<createdTime>2021-01-08 00:51:30 UTC</createdTime>
<ownerDesignName>BD1_Projekt</ownerDesignName>
<engineerTo>
<item key="9F57A7A6-2A72-A58D-D370-13E07FAE5176" value="true"/>
</engineerTo>
<pk>true</pk>
<usedAttributes>
<attributeRef>A768C60E-7715-2C5A-42C9-BB2F651713A5</attributeRef>
<attributeRef>890DF32B-8EEA-9293-9E11-1FA9E622F534</attributeRef>
<attributeRef>0ED4C7D1-556F-0A9D-793E-BA8227EB5E55</attributeRef>
</usedAttributes>
</identifier>
</identifiers>
</Entity>