<?xml version = '1.0' encoding = 'UTF-8'?>
<Entity class="oracle.dbtools.crest.model.design.logical.Entity" directorySegmentName="seg_0" id="CAE9CD8D-86AE-4266-66F6-B7810EA45D2C" name="ADRES">
<createdBy>User</createdBy>
<createdTime>2021-01-07 20:13:10 UTC</createdTime>
<ownerDesignName>BD1_Projekt</ownerDesignName>
<engineerTo>
<item key="9F57A7A6-2A72-A58D-D370-13E07FAE5176" value="true"/>
</engineerTo>
<adequatelyNormalized>NO</adequatelyNormalized>
<expectedVolumes>0</expectedVolumes>
<fwdEngineeringStrategyName>Single Table</fwdEngineeringStrategyName>
<growthPercent>0</growthPercent>
<growthType>Year</growthType>
<maxVolumes>9999999</maxVolumes>
<minVolumes>0</minVolumes>
<normalForm>Third</normalForm>
<attributes itemClass="oracle.dbtools.crest.model.design.logical.Attribute">
<Attribute name="ID ADRESU" id="088C8FC3-46A7-108D-23FF-0BB4359C50E1">
<createdBy>User</createdBy>
<createdTime>2021-01-07 20:25:54 UTC</createdTime>
<ownerDesignName>BD1_Projekt</ownerDesignName>
<engineerTo>
<item key="9F57A7A6-2A72-A58D-D370-13E07FAE5176" value="true"/>
</engineerTo>
<useDomainConstraints>false</useDomainConstraints>
<use>1</use>
<logicalDatatype>LOGDT019</logicalDatatype>
<dataTypePrecision>4</dataTypePrecision>
<ownDataTypeParameters>,4,</ownDataTypeParameters>
</Attribute>
<Attribute name="ULICA" id="916A9A36-658C-58A9-695E-30A62881DED5">
<createdBy>User</createdBy>
<createdTime>2021-01-07 20:26:17 UTC</createdTime>
<ownerDesignName>BD1_Projekt</ownerDesignName>
<engineerTo>
<item key="9F57A7A6-2A72-A58D-D370-13E07FAE5176" value="true"/>
</engineerTo>
<nullsAllowed>true</nullsAllowed>
<useDomainConstraints>false</useDomainConstraints>
<use>1</use>
<logicalDatatype>LOGDT024</logicalDatatype>
<dataTypeSize>200</dataTypeSize>
<ownDataTypeParameters>200,,</ownDataTypeParameters>
</Attribute>
<Attribute name="NUMER" id="EE43672F-89A8-8B02-82BA-F63C0FFE26D2">
<createdBy>User</createdBy>
<createdTime>2021-01-07 20:27:34 UTC</createdTime>
<ownerDesignName>BD1_Projekt</ownerDesignName>
<engineerTo>
<item key="9F57A7A6-2A72-A58D-D370-13E07FAE5176" value="true"/>
</engineerTo>
<useDomainConstraints>false</useDomainConstraints>
<use>1</use>
<logicalDatatype>LOGDT024</logicalDatatype>
<dataTypeSize>6</dataTypeSize>
<ownDataTypeParameters>6,,</ownDataTypeParameters>
</Attribute>
<Attribute name="KOD POCZTOWY" id="92A83F34-C001-DB8E-F9C4-AB09041EDD6F">
<createdBy>User</createdBy>
<createdTime>2021-01-07 20:26:54 UTC</createdTime>
<ownerDesignName>BD1_Projekt</ownerDesignName>
<engineerTo>
<item key="9F57A7A6-2A72-A58D-D370-13E07FAE5176" value="true"/>
</engineerTo>
<useDomainConstraints>false</useDomainConstraints>
<use>1</use>
<logicalDatatype>LOGDT024</logicalDatatype>
<dataTypeSize>50</dataTypeSize>
<ownDataTypeParameters>50,,</ownDataTypeParameters>
</Attribute>
<Attribute name="MIEJSCOWOSC" id="1F93CA68-257B-C548-2793-7E9443246C0A">
<createdBy>User</createdBy>
<createdTime>2021-01-07 20:29:04 UTC</createdTime>
<ownerDesignName>BD1_Projekt</ownerDesignName>
<engineerTo>
<item key="9F57A7A6-2A72-A58D-D370-13E07FAE5176" value="true"/>
</engineerTo>
<useDomainConstraints>false</useDomainConstraints>
<use>1</use>
<logicalDatatype>LOGDT024</logicalDatatype>
<dataTypeSize>150</dataTypeSize>
<ownDataTypeParameters>150,,</ownDataTypeParameters>
</Attribute>
<Attribute name="ID KRAJU" id="4C21433B-F093-7EDD-3CE5-B32C98296A75">
<createdBy>User</createdBy>
<createdTime>2021-01-07 23:41:06 UTC</createdTime>
<generatorID>095F9D41-23BA-1D9A-8532-C9F5F5F3D3D0</generatorID>
<ownerDesignName>BD1_Projekt</ownerDesignName>
<engineerTo>
<item key="9F57A7A6-2A72-A58D-D370-13E07FAE5176" value="true"/>
</engineerTo>
<referedAttribute>575E9246-16D5-6C61-4669-67FA61873FE9</referedAttribute>
<useDomainConstraints>false</useDomainConstraints>
<use>1</use>
<logicalDatatype>LOGDT019</logicalDatatype>
<dataTypePrecision>4</dataTypePrecision>
<ownDataTypeParameters>,4,</ownDataTypeParameters>
</Attribute>
</attributes>
<identifiers itemClass="oracle.dbtools.crest.model.design.logical.CandidateKey">
<identifier id="0B0FD4ED-CFDA-273B-76E1-5E166682F68B" name="ADRESY PK">
<createdBy>User</createdBy>
<createdTime>2021-01-07 20:26:02 UTC</createdTime>
<ownerDesignName>BD1_Projekt</ownerDesignName>
<shouldEngineer>false</shouldEngineer>
<engineerTo>
<item key="9F57A7A6-2A72-A58D-D370-13E07FAE5176" value="false"/>
</engineerTo>
<pk>true</pk>
<usedAttributes>
<attributeRef>088C8FC3-46A7-108D-23FF-0BB4359C50E1</attributeRef>
<attributeRef>4C21433B-F093-7EDD-3CE5-B32C98296A75</attributeRef>
</usedAttributes>
</identifier>
<identifier id="E58A7E28-E64B-AF10-DAC3-0C05C41BB412" name="Key_2">
<createdBy>User</createdBy>
<createdTime>2021-01-13 04:53:28 UTC</createdTime>
<ownerDesignName>BD1_Projekt</ownerDesignName>
<engineerTo>
<item key="9F57A7A6-2A72-A58D-D370-13E07FAE5176" value="true"/>
</engineerTo>
<newElementsIDs>916A9A36-658C-58A9-695E-30A62881DED5,EE43672F-89A8-8B02-82BA-F63C0FFE26D2,92A83F34-C001-DB8E-F9C4-AB09041EDD6F,1F93CA68-257B-C548-2793-7E9443246C0A,095F9D41-23BA-1D9A-8532-C9F5F5F3D3D0</newElementsIDs>
<usedAttributes>
<attributeRef>916A9A36-658C-58A9-695E-30A62881DED5</attributeRef>
<attributeRef>EE43672F-89A8-8B02-82BA-F63C0FFE26D2</attributeRef>
<attributeRef>92A83F34-C001-DB8E-F9C4-AB09041EDD6F</attributeRef>
<attributeRef>1F93CA68-257B-C548-2793-7E9443246C0A</attributeRef>
<attributeRef>4C21433B-F093-7EDD-3CE5-B32C98296A75</attributeRef>
</usedAttributes>
</identifier>
</identifiers>
</Entity>