<?xml version = '1.0' encoding = 'UTF-8'?>
<Entity class="oracle.dbtools.crest.model.design.logical.Entity" directorySegmentName="seg_0" id="CB708635-F86D-3E42-21DC-397E0E3116D0" name="KRAJ">
<createdBy>User</createdBy>
<createdTime>2021-01-07 20:13:31 UTC</createdTime>
<ownerDesignName>BD1_Projekt</ownerDesignName>
<engineerTo>
<item key="9F57A7A6-2A72-A58D-D370-13E07FAE5176" value="true"/>
</engineerTo>
<adequatelyNormalized>NO</adequatelyNormalized>
<expectedVolumes>0</expectedVolumes>
<fwdEngineeringStrategyName>Single Table</fwdEngineeringStrategyName>
<growthPercent>0</growthPercent>
<growthType>Year</growthType>
<maxVolumes>9999999</maxVolumes>
<minVolumes>0</minVolumes>
<normalForm>Third</normalForm>
<attributes itemClass="oracle.dbtools.crest.model.design.logical.Attribute">
<Attribute name="ID KRAJU" id="575E9246-16D5-6C61-4669-67FA61873FE9">
<createdBy>User</createdBy>
<createdTime>2021-01-07 20:24:38 UTC</createdTime>
<ownerDesignName>BD1_Projekt</ownerDesignName>
<engineerTo>
<item key="9F57A7A6-2A72-A58D-D370-13E07FAE5176" value="true"/>
</engineerTo>
<useDomainConstraints>false</useDomainConstraints>
<use>1</use>
<logicalDatatype>LOGDT019</logicalDatatype>
<dataTypePrecision>4</dataTypePrecision>
<ownDataTypeParameters>,4,</ownDataTypeParameters>
</Attribute>
<Attribute name="NAZWA" id="466178D9-5A74-C802-7765-0D8714915302">
<createdBy>User</createdBy>
<createdTime>2021-01-07 20:24:57 UTC</createdTime>
<ownerDesignName>BD1_Projekt</ownerDesignName>
<engineerTo>
<item key="9F57A7A6-2A72-A58D-D370-13E07FAE5176" value="true"/>
</engineerTo>
<useDomainConstraints>false</useDomainConstraints>
<use>1</use>
<logicalDatatype>LOGDT024</logicalDatatype>
<dataTypeSize>200</dataTypeSize>
<ownDataTypeParameters>200,,</ownDataTypeParameters>
</Attribute>
<Attribute name="ID REGIONU" id="014CF220-0D94-28A1-4D18-83CAFF743CD8">
<createdBy>User</createdBy>
<createdTime>2021-01-07 23:51:46 UTC</createdTime>
<generatorID>A5755069-5156-725A-C718-08262E69F94D</generatorID>
<ownerDesignName>BD1_Projekt</ownerDesignName>
<engineerTo>
<item key="9F57A7A6-2A72-A58D-D370-13E07FAE5176" value="true"/>
</engineerTo>
<referedAttribute>E9B0139D-4B37-9C1B-B54C-CC7F78476419</referedAttribute>
<useDomainConstraints>false</useDomainConstraints>
<use>1</use>
<logicalDatatype>LOGDT019</logicalDatatype>
<dataTypePrecision>4</dataTypePrecision>
<ownDataTypeParameters>,4,</ownDataTypeParameters>
</Attribute>
</attributes>
<identifiers itemClass="oracle.dbtools.crest.model.design.logical.CandidateKey">
<identifier id="D86BC840-A85A-A6CE-71A8-A6AFE36F0AE9" name="KRAJE PK">
<createdBy>User</createdBy>
<createdTime>2021-01-07 20:24:45 UTC</createdTime>
<ownerDesignName>BD1_Projekt</ownerDesignName>
<shouldEngineer>false</shouldEngineer>
<engineerTo>
<item key="9F57A7A6-2A72-A58D-D370-13E07FAE5176" value="false"/>
</engineerTo>
<pk>true</pk>
<usedAttributes>
<attributeRef>575E9246-16D5-6C61-4669-67FA61873FE9</attributeRef>
</usedAttributes>
</identifier>
<identifier id="9AC9B6E9-6B4E-F495-90AA-495F67CFE22F" name="Key_2">
<createdBy>User</createdBy>
<createdTime>2021-01-08 10:26:59 UTC</createdTime>
<ownerDesignName>BD1_Projekt</ownerDesignName>
<engineerTo>
<item key="9F57A7A6-2A72-A58D-D370-13E07FAE5176" value="true"/>
</engineerTo>
<newElementsIDs>466178D9-5A74-C802-7765-0D8714915302</newElementsIDs>
<usedAttributes>
<attributeRef>466178D9-5A74-C802-7765-0D8714915302</attributeRef>
</usedAttributes>
</identifier>
</identifiers>
</Entity>