<?xml version = '1.0' encoding = 'UTF-8'?>
<Entity class="oracle.dbtools.crest.model.design.logical.Entity" directorySegmentName="seg_0" id="F20B42F6-9547-78FD-97D8-4B981D2BEC54" name="REGION">
<createdBy>User</createdBy>
<createdTime>2021-01-07 20:13:40 UTC</createdTime>
<ownerDesignName>BD1_Projekt</ownerDesignName>
<engineerTo>
<item key="9F57A7A6-2A72-A58D-D370-13E07FAE5176" value="true"/>
</engineerTo>
<adequatelyNormalized>NO</adequatelyNormalized>
<expectedVolumes>0</expectedVolumes>
<fwdEngineeringStrategyName>Single Table</fwdEngineeringStrategyName>
<growthPercent>0</growthPercent>
<growthType>Year</growthType>
<maxVolumes>9999999</maxVolumes>
<minVolumes>0</minVolumes>
<normalForm>Third</normalForm>
<attributes itemClass="oracle.dbtools.crest.model.design.logical.Attribute">
<Attribute name="ID REGIONU" id="E9B0139D-4B37-9C1B-B54C-CC7F78476419">
<createdBy>User</createdBy>
<createdTime>2021-01-07 20:23:54 UTC</createdTime>
<ownerDesignName>BD1_Projekt</ownerDesignName>
<engineerTo>
<item key="9F57A7A6-2A72-A58D-D370-13E07FAE5176" value="true"/>
</engineerTo>
<useDomainConstraints>false</useDomainConstraints>
<use>1</use>
<logicalDatatype>LOGDT019</logicalDatatype>
<dataTypePrecision>4</dataTypePrecision>
<ownDataTypeParameters>,4,</ownDataTypeParameters>
</Attribute>
<Attribute name="NAZWA" id="3E8C1187-47D0-3EC5-9611-EADFD43CEACC">
<createdBy>User</createdBy>
<createdTime>2021-01-07 20:24:13 UTC</createdTime>
<ownerDesignName>BD1_Projekt</ownerDesignName>
<engineerTo>
<item key="9F57A7A6-2A72-A58D-D370-13E07FAE5176" value="true"/>
</engineerTo>
<useDomainConstraints>false</useDomainConstraints>
<use>1</use>
<logicalDatatype>LOGDT024</logicalDatatype>
<dataTypeSize>100</dataTypeSize>
<ownDataTypeParameters>100,,</ownDataTypeParameters>
</Attribute>
</attributes>
<identifiers itemClass="oracle.dbtools.crest.model.design.logical.CandidateKey">
<identifier id="CB96BF80-D985-FC3F-73C5-3015DE734E63" name="REGIONY PK">
<createdBy>User</createdBy>
<createdTime>2021-01-07 20:24:10 UTC</createdTime>
<ownerDesignName>BD1_Projekt</ownerDesignName>
<shouldEngineer>false</shouldEngineer>
<engineerTo>
<item key="9F57A7A6-2A72-A58D-D370-13E07FAE5176" value="false"/>
</engineerTo>
<pk>true</pk>
<usedAttributes>
<attributeRef>E9B0139D-4B37-9C1B-B54C-CC7F78476419</attributeRef>
</usedAttributes>
</identifier>
<identifier id="6D11CBA2-CA7F-8EFC-4087-0E00CA9D4ACD" name="Key_2">
<createdBy>User</createdBy>
<createdTime>2021-01-08 10:27:32 UTC</createdTime>
<ownerDesignName>BD1_Projekt</ownerDesignName>
<engineerTo>
<item key="9F57A7A6-2A72-A58D-D370-13E07FAE5176" value="true"/>
</engineerTo>
<newElementsIDs>3E8C1187-47D0-3EC5-9611-EADFD43CEACC</newElementsIDs>
<usedAttributes>
<attributeRef>3E8C1187-47D0-3EC5-9611-EADFD43CEACC</attributeRef>
</usedAttributes>
</identifier>
</identifiers>
</Entity>