<?xml version = '1.0' encoding = 'UTF-8'?>
<Diagram class="oracle.dbtools.crest.swingui.logical.DPVLogical" name="Logical" id="9A4028AD-50CB-CD96-7397-1DB0B6C57236">
<createdBy>User</createdBy>
<modifiedBy>User</modifiedBy>
<createdTime>2021-01-07 20:11:02 UTC</createdTime>
<autoRoute>false</autoRoute>
<boxInbox>true</boxInbox>
<showLegend>false</showLegend>
<showLabels>true</showLabels>
<showRelAttributes>false</showRelAttributes>
<gridEnabled>false</gridEnabled>
<showGrid>false</showGrid>
<diagramColor>-1</diagramColor>
<display>false</display>
<notation>1</notation>
<objectViews>
<OView class="oracle.dbtools.crest.swingui.logical.TVEntity" oid="03FA823C-4883-6979-FAF8-4A51B1918311" otype="Entity" vid="D9520ACF-20DA-8C31-A0CB-6380DA9AFE16">
<hideElementsInCurrentOnly>false</hideElementsInCurrentOnly>
<bounds x="1153" y="17" width="153" height="101"/>
</OView>
<OView class="oracle.dbtools.crest.swingui.logical.TVEntity" oid="346FE377-3922-9BF5-BB71-8F4780482CF9" otype="Entity" vid="EB495AFF-B51B-6CE0-97E5-D8814FE7119A">
<hideElementsInCurrentOnly>false</hideElementsInCurrentOnly>
<bounds x="1131" y="280" width="161" height="86"/>
</OView>
<OView class="oracle.dbtools.crest.swingui.logical.TVEntity" oid="435A6A5D-6E4B-B10D-C8B6-41E6E4EE095B" otype="Entity" vid="8985CBD6-621E-41BF-20C3-1048B1C99A12">
<hideElementsInCurrentOnly>false</hideElementsInCurrentOnly>
<bounds x="315" y="97" width="182" height="60"/>
</OView>
<OView class="oracle.dbtools.crest.swingui.logical.TVEntity" oid="4DEDE22A-FDA5-039D-0425-9E7D2F697C7F" otype="Entity" vid="8EDBF7C6-51FF-86B0-5FD7-50B03EAF582C">
<hideElementsInCurrentOnly>false</hideElementsInCurrentOnly>
<bounds x="218" y="332" width="446" height="262"/>
</OView>
<OView class="oracle.dbtools.crest.swingui.logical.TVEntity" oid="5F1EEB70-4BD1-69FB-2EC6-DAD011459A6F" otype="Entity" vid="3E54B4F4-85EB-DC9B-5F34-6D2739ADC5E8">
<hideElementsInCurrentOnly>false</hideElementsInCurrentOnly>
<bounds x="1043" y="597" width="228" height="90"/>
</OView>
<OView class="oracle.dbtools.crest.swingui.logical.TVEntity" oid="67C49144-138D-656F-B20B-45C2D0340515" otype="Entity" vid="B766F453-1D04-57AD-3BC3-8BA6A2FB41A2">
<hideElementsInCurrentOnly>false</hideElementsInCurrentOnly>
<bounds x="1524" y="433" width="207" height="74"/>
</OView>
<OView class="oracle.dbtools.crest.swingui.logical.TVEntity" oid="70525A74-125E-E55E-5B1B-C9F233250514" otype="Entity" vid="83663EE5-F8D6-9B54-5AA5-5AE5885A9AE5">
<hideElementsInCurrentOnly>false</hideElementsInCurrentOnly>
<bounds x="386" y="724" width="156" height="97"/>
</OView>
<OView class="oracle.dbtools.crest.swingui.logical.TVEntity" oid="81413131-3548-EE39-8568-6798B7710B52" otype="Entity" vid="37499B5C-CB69-5892-A6A3-1083D1805AB4">
<hideElementsInCurrentOnly>false</hideElementsInCurrentOnly>
<bounds x="735" y="57" width="199" height="146"/>
</OView>
<OView class="oracle.dbtools.crest.swingui.logical.TVEntity" oid="8FFD4784-6ADB-5316-E014-3E836083DD22" otype="Entity" vid="4CFB8F4B-826C-216E-9333-7E07A2A4E0D3">
<hideElementsInCurrentOnly>false</hideElementsInCurrentOnly>
<bounds x="648" y="882" width="145" height="101"/>
</OView>
<OView class="oracle.dbtools.crest.swingui.logical.TVEntity" oid="B474331D-081A-E71D-303A-64D0E17209DA" otype="Entity" vid="ABA60D4B-2FC7-2BD1-5496-6E60C8DD5133">
<hideElementsInCurrentOnly>false</hideElementsInCurrentOnly>
<bounds x="201" y="870" width="153" height="112"/>
</OView>
<OView class="oracle.dbtools.crest.swingui.logical.TVEntity" oid="CAE9CD8D-86AE-4266-66F6-B7810EA45D2C" otype="Entity" vid="4E716387-3D4D-AA29-F9CA-910DA8790F9E">
<hideElementsInCurrentOnly>false</hideElementsInCurrentOnly>
<bounds x="860" y="445" width="127" height="120"/>
</OView>
<OView class="oracle.dbtools.crest.swingui.logical.TVEntity" oid="CB708635-F86D-3E42-21DC-397E0E3116D0" otype="Entity" vid="BD3FDE0A-9C14-9F3C-7B6E-4258BF049347">
<hideElementsInCurrentOnly>false</hideElementsInCurrentOnly>
<bounds x="862" y="774" width="124" height="56"/>
</OView>
<OView class="oracle.dbtools.crest.swingui.logical.TVEntity" oid="F20B42F6-9547-78FD-97D8-4B981D2BEC54" otype="Entity" vid="17532D06-94DB-69E8-1A37-311F87FDAF2F">
<hideElementsInCurrentOnly>false</hideElementsInCurrentOnly>
<bounds x="1369" y="755" width="151" height="73"/>
</OView>
</objectViews>
<connectors>
<Connector class="oracle.dbtools.crest.swingui.logical.TVRelation" oid="095F9D41-23BA-1D9A-8532-C9F5F5F3D3D0" otype="Relation" vid_source="BD3FDE0A-9C14-9F3C-7B6E-4258BF049347" vid_target="4E716387-3D4D-AA29-F9CA-910DA8790F9E">
<hideElementsInCurrentOnly>false</hideElementsInCurrentOnly>
<backgroundColor>-16777216</backgroundColor>
<lineWidth>1</lineWidth>
<sourceLabel class="oracle.dbtools.crest.model.design.Label">
<site>0</site>
<labelBounds x="924" y="746" width="87" height="22"/>
<noBackgroundColor>true</noBackgroundColor>
<noForegroundColor>true</noForegroundColor>
</sourceLabel>
<targetLabel class="oracle.dbtools.crest.model.design.Label">
<site>2</site>
<labelBounds x="924" y="593" width="51" height="30"/>
<noBackgroundColor>true</noBackgroundColor>
<noForegroundColor>true</noForegroundColor>
</targetLabel>
<points>
<point x="924" y="774"/>
<point x="924" y="565"/>
</points>
</Connector>
<Connector class="oracle.dbtools.crest.swingui.logical.TVRelation" oid="258878A6-D861-EB38-E1D1-4A4BB18DF088" otype="Relation" vid_source="EB495AFF-B51B-6CE0-97E5-D8814FE7119A" vid_target="B766F453-1D04-57AD-3BC3-8BA6A2FB41A2">
<hideElementsInCurrentOnly>false</hideElementsInCurrentOnly>
<backgroundColor>-16777216</backgroundColor>
<lineWidth>1</lineWidth>
<sourceLabel class="oracle.dbtools.crest.model.design.Label">
<site>0</site>
<labelBounds x="1302" y="351" width="109" height="34"/>
<noBackgroundColor>true</noBackgroundColor>
<noForegroundColor>true</noForegroundColor>
</sourceLabel>
<targetLabel class="oracle.dbtools.crest.model.design.Label">
<site>2</site>
<labelBounds x="1418" y="384" width="100" height="43"/>
<noBackgroundColor>true</noBackgroundColor>
<noForegroundColor>true</noForegroundColor>
</targetLabel>
<points>
<point x="1292" y="351"/>
<point x="1524" y="433"/>
</points>
</Connector>
<Connector class="oracle.dbtools.crest.swingui.logical.TVRelation" oid="3352DB7B-0EF5-CCD5-E4EF-A0F8AC387D9A" otype="Relation" vid_source="83663EE5-F8D6-9B54-5AA5-5AE5885A9AE5" vid_target="8EDBF7C6-51FF-86B0-5FD7-50B03EAF582C">
<hideElementsInCurrentOnly>false</hideElementsInCurrentOnly>
<backgroundColor>-16777216</backgroundColor>
<lineWidth>1</lineWidth>
<sourceLabel class="oracle.dbtools.crest.model.design.Label">
<site>0</site>
<labelBounds x="464" y="688" width="124" height="30"/>
<noBackgroundColor>true</noBackgroundColor>
<noForegroundColor>true</noForegroundColor>
</sourceLabel>
<targetLabel class="oracle.dbtools.crest.model.design.Label">
<site>2</site>
<labelBounds x="464" y="630" width="52" height="30"/>
<noBackgroundColor>true</noBackgroundColor>
<noForegroundColor>true</noForegroundColor>
</targetLabel>
<points>
<point x="464" y="724"/>
<point x="464" y="594"/>
</points>
</Connector>
<Connector class="oracle.dbtools.crest.swingui.logical.TVRelation" oid="359931B2-B353-FA16-80DB-F991EB75E68F" otype="Relation" vid_source="EB495AFF-B51B-6CE0-97E5-D8814FE7119A" vid_target="37499B5C-CB69-5892-A6A3-1083D1805AB4">
<hideElementsInCurrentOnly>false</hideElementsInCurrentOnly>
<backgroundColor>-16777216</backgroundColor>
<lineWidth>1</lineWidth>
<sourceLabel class="oracle.dbtools.crest.model.design.Label">
<site>0</site>
<labelBounds x="1016" y="281" width="109" height="27"/>
<noBackgroundColor>true</noBackgroundColor>
<noForegroundColor>true</noForegroundColor>
</sourceLabel>
<targetLabel class="oracle.dbtools.crest.model.design.Label">
<site>2</site>
<labelBounds x="944" y="180" width="85" height="30"/>
<noBackgroundColor>true</noBackgroundColor>
<noForegroundColor>true</noForegroundColor>
</targetLabel>
<points>
<point x="1131" y="281"/>
<point x="934" y="180"/>
</points>
</Connector>
<Connector class="oracle.dbtools.crest.swingui.logical.TVRelation" oid="39FA6910-1893-6FBE-E9BA-B475F89C761E" otype="Relation" vid_source="3E54B4F4-85EB-DC9B-5F34-6D2739ADC5E8" vid_target="EB495AFF-B51B-6CE0-97E5-D8814FE7119A">
<hideElementsInCurrentOnly>false</hideElementsInCurrentOnly>
<backgroundColor>-16777216</backgroundColor>
<lineWidth>1</lineWidth>
<sourceLabel class="oracle.dbtools.crest.model.design.Label">
<site>0</site>
<labelBounds x="1201" y="561" width="87" height="30"/>
<noBackgroundColor>true</noBackgroundColor>
<noForegroundColor>true</noForegroundColor>
</sourceLabel>
<targetLabel class="oracle.dbtools.crest.model.design.Label">
<site>2</site>
<labelBounds x="1201" y="418" width="97" height="30"/>
<noBackgroundColor>true</noBackgroundColor>
<noForegroundColor>true</noForegroundColor>
</targetLabel>
<points>
<point x="1201" y="597"/>
<point x="1201" y="366"/>
</points>
</Connector>
<Connector class="oracle.dbtools.crest.swingui.logical.TVRelation" oid="4375B1E5-BB90-9763-BB43-AFB257C10C83" otype="Relation" vid_source="8985CBD6-621E-41BF-20C3-1048B1C99A12" vid_target="8EDBF7C6-51FF-86B0-5FD7-50B03EAF582C">
<hideElementsInCurrentOnly>false</hideElementsInCurrentOnly>
<backgroundColor>-16777216</backgroundColor>
<lineWidth>1</lineWidth>
<sourceLabel class="oracle.dbtools.crest.model.design.Label">
<site>0</site>
<labelBounds x="406" y="191" width="124" height="28"/>
<noBackgroundColor>true</noBackgroundColor>
<noForegroundColor>true</noForegroundColor>
</sourceLabel>
<targetLabel class="oracle.dbtools.crest.model.design.Label">
<site>2</site>
<labelBounds x="406" y="272" width="58" height="46"/>
<noBackgroundColor>true</noBackgroundColor>
<noForegroundColor>true</noForegroundColor>
</targetLabel>
<points>
<point x="406" y="157"/>
<point x="406" y="332"/>
</points>
</Connector>
<Connector class="oracle.dbtools.crest.swingui.logical.TVRelation" oid="5F8043F5-DEAC-BDCA-86C9-FADE0FDCEE70" otype="Relation" vid_source="3E54B4F4-85EB-DC9B-5F34-6D2739ADC5E8" vid_target="B766F453-1D04-57AD-3BC3-8BA6A2FB41A2">
<hideElementsInCurrentOnly>false</hideElementsInCurrentOnly>
<backgroundColor>-16777216</backgroundColor>
<lineWidth>1</lineWidth>
<sourceLabel class="oracle.dbtools.crest.model.design.Label">
<site>0</site>
<labelBounds x="1281" y="600" width="82" height="31"/>
<noBackgroundColor>true</noBackgroundColor>
<noForegroundColor>true</noForegroundColor>
</sourceLabel>
<targetLabel class="oracle.dbtools.crest.model.design.Label">
<site>2</site>
<labelBounds x="1526" y="544" width="52" height="30"/>
<noBackgroundColor>true</noBackgroundColor>
<noForegroundColor>true</noForegroundColor>
</targetLabel>
<points>
<point x="1271" y="600"/>
<point x="1526" y="507"/>
</points>
</Connector>
<Connector class="oracle.dbtools.crest.swingui.logical.TVRelation" oid="708AF15B-E18A-478F-966C-AD41F620B5E7" otype="Relation" vid_source="8EDBF7C6-51FF-86B0-5FD7-50B03EAF582C" vid_target="ABA60D4B-2FC7-2BD1-5496-6E60C8DD5133">
<hideElementsInCurrentOnly>false</hideElementsInCurrentOnly>
<backgroundColor>-16777216</backgroundColor>
<lineWidth>1</lineWidth>
<sourceLabel class="oracle.dbtools.crest.model.design.Label">
<site>0</site>
<labelBounds x="286" y="646" width="112" height="30"/>
<noBackgroundColor>true</noBackgroundColor>
<noForegroundColor>true</noForegroundColor>
</sourceLabel>
<targetLabel class="oracle.dbtools.crest.model.design.Label">
<site>2</site>
<labelBounds x="286" y="825" width="88" height="39"/>
<noBackgroundColor>true</noBackgroundColor>
<noForegroundColor>true</noForegroundColor>
</targetLabel>
<points>
<point x="286" y="594"/>
<point x="286" y="870"/>
</points>
</Connector>
<Connector class="oracle.dbtools.crest.swingui.logical.TVRelation" oid="A5755069-5156-725A-C718-08262E69F94D" otype="Relation" vid_source="17532D06-94DB-69E8-1A37-311F87FDAF2F" vid_target="BD3FDE0A-9C14-9F3C-7B6E-4258BF049347">
<hideElementsInCurrentOnly>false</hideElementsInCurrentOnly>
<backgroundColor>-16777216</backgroundColor>
<lineWidth>1</lineWidth>
<sourceLabel class="oracle.dbtools.crest.model.design.Label">
<site>0</site>
<labelBounds x="1251" y="779" width="112" height="22"/>
<noBackgroundColor>true</noBackgroundColor>
<noForegroundColor>true</noForegroundColor>
</sourceLabel>
<targetLabel class="oracle.dbtools.crest.model.design.Label">
<site>2</site>
<labelBounds x="996" y="804" width="82" height="30"/>
<noBackgroundColor>true</noBackgroundColor>
<noForegroundColor>true</noForegroundColor>
</targetLabel>
<points>
<point x="1369" y="801"/>
<point x="986" y="801"/>
</points>
</Connector>
<Connector class="oracle.dbtools.crest.swingui.logical.TVRelation" oid="B07CF1C0-8CD4-42DB-988D-1790803C1DD6" otype="Relation" vid_source="4E716387-3D4D-AA29-F9CA-910DA8790F9E" vid_target="8EDBF7C6-51FF-86B0-5FD7-50B03EAF582C">
<hideElementsInCurrentOnly>false</hideElementsInCurrentOnly>
<backgroundColor>-16777216</backgroundColor>
<lineWidth>1</lineWidth>
<sourceLabel class="oracle.dbtools.crest.model.design.Label">
<site>0</site>
<labelBounds x="770" y="474" width="84" height="31"/>
<noBackgroundColor>true</noBackgroundColor>
<noForegroundColor>true</noForegroundColor>
</sourceLabel>
<targetLabel class="oracle.dbtools.crest.model.design.Label">
<site>2</site>
<labelBounds x="674" y="508" width="55" height="32"/>
<noBackgroundColor>true</noBackgroundColor>
<noForegroundColor>true</noForegroundColor>
</targetLabel>
<points>
<point x="860" y="505"/>
<point x="664" y="505"/>
</points>
</Connector>
<Connector class="oracle.dbtools.crest.swingui.logical.TVRelation" oid="B44F46E2-1C4C-C10B-517C-6B24A422FE12" otype="Relation" vid_source="D9520ACF-20DA-8C31-A0CB-6380DA9AFE16" vid_target="EB495AFF-B51B-6CE0-97E5-D8814FE7119A">
<hideElementsInCurrentOnly>false</hideElementsInCurrentOnly>
<backgroundColor>-16777216</backgroundColor>
<lineWidth>1</lineWidth>
<sourceLabel class="oracle.dbtools.crest.model.design.Label">
<site>0</site>
<labelBounds x="1222" y="156" width="86" height="32"/>
<noBackgroundColor>true</noBackgroundColor>
<noForegroundColor>true</noForegroundColor>
</sourceLabel>
<targetLabel class="oracle.dbtools.crest.model.design.Label">
<site>2</site>
<labelBounds x="1222" y="220" width="52" height="30"/>
<noBackgroundColor>true</noBackgroundColor>
<noForegroundColor>true</noForegroundColor>
</targetLabel>
<points>
<point x="1222" y="118"/>
<point x="1222" y="280"/>
</points>
</Connector>
<Connector class="oracle.dbtools.crest.swingui.logical.TVRelation" oid="D1424283-4FF1-F98D-C3A8-CDA1D5D0D93F" otype="Relation" vid_source="8EDBF7C6-51FF-86B0-5FD7-50B03EAF582C" vid_target="EB495AFF-B51B-6CE0-97E5-D8814FE7119A">
<hideElementsInCurrentOnly>false</hideElementsInCurrentOnly>
<backgroundColor>-16777216</backgroundColor>
<lineWidth>1</lineWidth>
<sourceLabel class="oracle.dbtools.crest.model.design.Label">
<site>0</site>
<labelBounds x="674" y="330" width="86" height="19"/>
<noBackgroundColor>true</noBackgroundColor>
<noForegroundColor>true</noForegroundColor>
</sourceLabel>
<targetLabel class="oracle.dbtools.crest.model.design.Label">
<site>2</site>
<labelBounds x="1038" y="352" width="87" height="30"/>
<noBackgroundColor>true</noBackgroundColor>
<noForegroundColor>true</noForegroundColor>
</targetLabel>
<points>
<point x="664" y="349"/>
<point x="1131" y="349"/>
</points>
</Connector>
<Connector class="oracle.dbtools.crest.swingui.logical.TVRelation" oid="EE964DE2-B414-0468-5FAB-FDDFB08DDB9A" otype="Relation" vid_source="4CFB8F4B-826C-216E-9333-7E07A2A4E0D3" vid_target="ABA60D4B-2FC7-2BD1-5496-6E60C8DD5133">
<hideElementsInCurrentOnly>false</hideElementsInCurrentOnly>
<backgroundColor>-16777216</backgroundColor>
<lineWidth>1</lineWidth>
<sourceLabel class="oracle.dbtools.crest.model.design.Label">
<site>0</site>
<labelBounds x="542" y="910" width="100" height="22"/>
<noBackgroundColor>true</noBackgroundColor>
<noForegroundColor>true</noForegroundColor>
</sourceLabel>
<targetLabel class="oracle.dbtools.crest.model.design.Label">
<site>2</site>
<labelBounds x="364" y="935" width="102" height="30"/>
<noBackgroundColor>true</noBackgroundColor>
<noForegroundColor>true</noForegroundColor>
</targetLabel>
<points>
<point x="648" y="932"/>
<point x="354" y="932"/>
</points>
</Connector>
</connectors>
</Diagram>